year,race,networth,pctle,diff,nw07
2007,White,-36245.8700620307,1,0,-36245.8700620307
2010,White,-86436.7092552197,1,-50190.839193189,-36245.8700620307
2013,White,-85787.9069767442,1,-49542.0369147135,-36245.8700620307
2016,White,-71400,1,-35154.1299379693,-36245.8700620307
2007,White,-18539.8204374796,2,0,-18539.8204374796
2010,White,-53663.71143658461,2,-35123.890999105,-18539.8204374796
2013,White,-50647.8604651163,2,-32108.040027636696,-18539.8204374796
2016,White,-44300,2,-25760.1795625204,-18539.8204374796
2007,White,-11070.6235716618,3,0,-11070.6235716618
2010,White,-36254.7834216267,3,-25184.1598499649,-11070.6235716618
2013,White,-29180.261627907,3,-18109.6380562452,-11070.6235716618
2016,White,-29390,3,-18319.3764283382,-11070.6235716618
2007,White,-6832.28860594189,4,0,-6832.28860594189
2010,White,-23211.9040199439,4,-16379.615414002012,-6832.28860594189
2013,White,-19560.0552325581,4,-12727.766626616212,-6832.28860594189
2016,White,-20100,4,-13267.711394058111,-6832.28860594189
2007,White,-2316.0300359125,5,0,-2316.0300359125
2010,White,-15364.0698036772,5,-13048.0397677647,-2316.0300359125
2013,White,-12682.5872093023,5,-10366.557173389801,-2316.0300359125
2016,White,-11780,5,-9463.9699640875,-2316.0300359125
2007,White,-440.045706823376,6,0,-440.045706823376
2010,White,-9946.85353692739,6,-9506.807830104015,-440.045706823376
2013,White,-8321.01453488372,6,-7880.968828060343,-440.045706823376
2016,White,-7900,6,-7459.954293176624,-440.045706823376
2007,White,0,7,0,0
2010,White,-6079.30819569959,7,-6079.30819569959,0
2013,White,-4743.08139534884,7,-4743.08139534884,0
2016,White,-4600,7,-4600,0
2007,White,185.282402873,8,0,185.282402873
2010,White,-3371.25272670614,8,-3556.53512957914,185.282402873
2013,White,-2113.76453488372,8,-2299.04693775672,185.282402873
2016,White,-1900,8,-2085.282402873,185.282402873
2007,White,1158.01501795625,9,0,1158.01501795625
2010,White,-1215.86163913992,9,-2373.8766570961698,1158.01501795625
2013,White,0,9,-1158.01501795625,1158.01501795625
2016,White,-29,9,-1187.01501795625,1158.01501795625
2007,White,2200.22853411688,10,0,2200.22853411688
2010,White,0,10,-2200.22853411688,2200.22853411688
2013,White,72.1773255813954,10,-2128.0512085354844,2200.22853411688
2016,White,360,10,-1840.22853411688,2200.22853411688
2007,White,3242.44205027751,11,0,3242.44205027751
2010,White,44.2131505141789,11,-3198.2288997633314,3242.44205027751
2013,White,567.107558139535,11,-2675.3344921379753,3242.44205027751
2016,White,1050,11,-2192.44205027751,3242.44205027751
2007,White,4539.41887038851,12,0,4539.41887038851
2010,White,862.156435026488,12,-3677.262435362022,4539.41887038851
2013,White,1546.65697674419,12,-2992.7618936443205,4539.41887038851
2016,White,1800,12,-2739.41887038851,4539.41887038851
2007,White,5917.45674175645,13,0,5917.45674175645
2010,White,1879.0588968526,13,-4038.3978449038505,5917.45674175645
2013,White,2990.20348837209,13,-2927.2532533843605,5917.45674175645
2016,White,3172,13,-2745.4567417564504,5917.45674175645
2007,White,7179.69311132876,14,0,7179.69311132876
2010,White,3205.45341227797,14,-3974.23969905079,7179.69311132876
2013,White,3897.57558139535,14,-3282.11752993341,7179.69311132876
2016,White,4370,14,-2809.69311132876,7179.69311132876
2007,White,8569.31113287626,15,0,8569.31113287626
2010,White,4144.98286070427,15,-4424.328272171991,8569.31113287626
2013,White,4959.61337209302,15,-3609.6977607832405,8569.31113287626
2016,White,5450,15,-3119.3111328762607,8569.31113287626
2007,White,10063.1505060398,16,0,10063.1505060398
2010,White,5228.20504830165,16,-4834.945457738149,10063.1505060398
2013,White,6289.73837209302,16,-3773.4121339467792,10063.1505060398
2016,White,6630,16,-3433.1505060397994,10063.1505060398
2007,White,11927.554684949402,17,0,11927.554684949402
2010,White,6311.42723589903,17,-5616.127449050372,11927.554684949402
2013,White,7970.43895348837,17,-3957.115731461032,11927.554684949402
2016,White,8320,17,-3607.554684949402,11927.554684949402
2007,White,13618.2566111655,18,0,13618.2566111655
2010,White,7350.43627298224,18,-6267.82033818326,13618.2566111655
2013,White,9073.72093023256,18,-4544.5356809329405,13618.2566111655
2016,White,1e4,18,-3618.2566111654996,13618.2566111655
2007,White,16096.408749591901,19,0,16096.408749591901
2010,White,8444.71174820816,19,-7651.697001383742,16096.408749591901
2013,White,10022.3372093023,19,-6074.0715402896,16096.408749591901
2016,White,11410,19,-4686.408749591901,16096.408749591901
2007,White,18678.7822396343,20,0,18678.7822396343
2010,White,10069.5450296042,20,-8609.2372100301,18678.7822396343
2013,White,11343.1822674419,20,-7335.5999721924,18678.7822396343
2016,White,13450,20,-5228.7822396343,18678.7822396343
2007,White,22233.88834476,21,0,22233.88834476
2010,White,11617.0052976005,21,-10616.883047159497,22233.88834476
2013,White,12960.9854651163,21,-9272.902879643698,22233.88834476
2016,White,16400,21,-5833.888344759998,22233.88834476
2007,White,25233.1472412667,22,0,25233.1472412667
2010,White,13374.4780305391,22,-11858.6692107276,25233.1472412667
2013,White,14951.0174418605,22,-10282.129799406199,25233.1472412667
2016,White,18900,22,-6333.147241266699,25233.1472412667
2007,White,29216.7189030362,23,0,29216.7189030362
2010,White,15507.7625428482,23,-13708.956360187998,29216.7189030362
2013,White,17116.3372093023,23,-12100.3816937339,29216.7189030362
2016,White,21540,23,-7676.718903036199,29216.7189030362
2007,White,33003.4280117532,24,0,33003.4280117532
2010,White,17685.2602056715,24,-15318.167806081703,33003.4280117532
2013,White,19281.6569767442,24,-13721.771035009002,33003.4280117532
2016,White,23570,24,-9433.428011753203,33003.4280117532
2007,White,36593.2745674176,25,0,36593.2745674176
2010,White,20393.315674665,25,-16199.958892752598,36593.2745674176
2013,White,21405.7325581395,25,-15187.542009278095,36593.2745674176
2016,White,26680,25,-9913.274567417597,36593.2745674176
2007,White,41121.1132876265,26,0,41121.1132876265
2010,White,24051.9538797133,26,-17069.159407913197,41121.1132876265
2013,White,24024.738372093,26,-17096.374915533495,41121.1132876265
2016,White,29460,26,-11661.113287626496,41121.1132876265
2007,White,46216.379366634,27,0,46216.379366634
2010,White,27124.7678404487,27,-19091.611526185297,46216.379366634
2013,White,27066.4970930233,27,-19149.8822736107,46216.379366634
2016,White,32210,27,-14006.379366633999,46216.379366634
2007,White,50639.9967352269,28,0,50639.9967352269
2010,White,30020.729199127498,28,-20619.267536099404,50639.9967352269
2013,White,30634.119186046504,28,-20005.877549180397,50639.9967352269
2016,White,35561,28,-15078.996735226901,50639.9967352269
2007,White,55654.20176297751,29,0,55654.20176297751
2010,White,33049.3300093487,29,-22604.87175362881,55654.20176297751
2013,White,33201.5697674419,29,-22452.63199553561,55654.20176297751
2016,White,4e4,29,-15654.201762977507,55654.20176297751
2007,White,59753.5749265426,30,0,59753.5749265426
2010,White,36034.8229978186,30,-23718.751928724,59753.5749265426
2013,White,36604.2151162791,30,-23149.3598102635,59753.5749265426
2016,White,44500,30,-15253.574926542598,59753.5749265426
2007,White,64733.039503754495,31,0,64733.039503754495
2010,White,39791.835462761,31,-24941.204040993493,64733.039503754495
2013,White,39491.3081395349,31,-25241.731364219595,64733.039503754495
2016,White,49e3,31,-15733.039503754495,64733.039503754495
2007,White,69886.2063336598,32,0,69886.2063336598
2010,White,42942.0224368962,32,-26944.183896763592,69886.2063336598
2013,White,43203.2848837209,32,-26682.92144993889,69886.2063336598
2016,White,53560,32,-16326.206333659793,69886.2063336598
2007,White,75172.5448906301,33,0,75172.5448906301
2010,White,46534.3409161733,33,-28638.203974456803,75172.5448906301
2013,White,46915.261627907,33,-28257.283262723104,75172.5448906301
2016,White,59400,33,-15772.544890630103,75172.5448906301
2007,White,79787.2347371858,34,0,79787.2347371858
2010,White,50734.5902150203,34,-29052.64452216551,79787.2347371858
2013,White,52380.1162790698,34,-27407.118458116005,79787.2347371858
2016,White,63930,34,-15857.234737185805,79787.2347371858
2007,White,85287.806072478,35,0,85287.806072478
2010,White,55100.6388282954,35,-30187.167244182594,85287.806072478
2013,White,56308.625,35,-28979.181072477993,85287.806072478
2016,White,67550,35,-17737.806072477993,85287.806072478
2007,White,90000.9271955599,36,0,90000.9271955599
2010,White,58416.62511685879,36,-31584.302078701105,90000.9271955599
2013,White,60938.2848837209,36,-29062.642311838994,90000.9271955599
2016,White,72500,36,-17500.927195559896,90000.9271955599
2007,White,96636.3532484492,37,0,96636.3532484492
2010,White,62760.5671548769,37,-33875.7860935723,96636.3532484492
2013,White,65475.1453488372,37,-31161.207899612004,96636.3532484492
2016,White,79e3,37,-17636.353248449203,96636.3532484492
2007,White,102368.527587333,38,0,102368.527587333
2010,White,67093.4559052664,38,-35275.0716820666,102368.527587333
2013,White,70115.1162790698,38,-32253.411308263196,102368.527587333
2016,White,83100,38,-19268.527587332996,102368.527587333
2007,White,108760.770486451,39,0,108760.770486451
2010,White,70409.4421938298,39,-38351.3282926212,108760.770486451
2013,White,74796.3313953488,39,-33964.439091102206,108760.770486451
2016,White,88610,39,-20150.770486451,108760.770486451
2007,White,114759.288279465,40,0,114759.288279465
2010,White,74443.8921782487,40,-40315.396101216305,114759.288279465
2013,White,80075.5872093023,40,-34683.7010701627,114759.288279465
2016,White,94300,40,-20459.288279465007,114759.288279465
2007,White,120931.508325171,41,0,120931.508325171
2010,White,79141.5394203802,41,-41789.9689047908,120931.508325171
2013,White,84447.4709302326,41,-36484.03739493841,120931.508325171
2016,White,99900,41,-21031.508325171002,120931.508325171
2007,White,128076.460985961,42,0,128076.460985961
2010,White,84889.2489872234,42,-43187.211998737606,128076.460985961
2013,White,89262.7296511628,42,-38813.73133479821,128076.460985961
2016,White,104e3,42,-24076.460985961006,128076.460985961
2007,White,134792.948090108,43,0,134792.948090108
2010,White,89918.49485821128,43,-44874.45323189671,134792.948090108
2013,White,93521.1918604651,43,-41271.756229642895,134792.948090108
2016,White,110360,43,-24432.948090107995,134792.948090108
2007,White,142551.648710415,44,0,142551.648710415
2010,White,94726.6749766282,44,-47824.9737337868,142551.648710415
2013,White,101306.031976744,44,-41245.616733671006,142551.648710415
2016,White,115e3,44,-27551.648710415,142551.648710415
2007,White,151120.959843291,45,0,151120.959843291
2010,White,100872.302898099,45,-50248.65694519199,151120.959843291
2013,White,108523.764534884,45,-42597.195308407,151120.959843291
2016,White,122750,45,-28370.959843291,151120.959843291
2007,White,157872.187397976,46,0,157872.187397976
2010,White,107437.955749455,46,-50434.231648521,157872.187397976
2013,White,114658.837209302,46,-43213.350188674,157872.187397976
2016,White,130130,46,-27742.187397976,157872.187397976
2007,White,164090.728044401,47,0,164090.728044401
2010,White,114887.87161109401,47,-49202.856433306995,164090.728044401
2013,White,119608.139534884,47,-44482.58850951701,164090.728044401
2016,White,140100,47,-23990.72804440101,164090.728044401
2007,White,170112.406137773,48,0,170112.406137773
2010,White,121807.229666563,48,-48305.17647121001,170112.406137773
2013,White,125753.52325581398,48,-44358.88288195903,170112.406137773
2016,White,147100,48,-23012.40613777301,170112.406137773
2007,White,180881.945804767,49,0,180881.945804767
2010,White,128925.546899346,49,-51956.398905420996,180881.945804767
2013,White,131981.395348837,49,-48900.55045593,180881.945804767
2016,White,154900,49,-25981.94580476699,180881.945804767
2007,White,189011.211230819,50,0,189011.211230819
2010,White,136375.462760985,50,-52635.74846983398,189011.211230819
2013,White,138405.177325581,50,-50606.033905238,189011.211230819
2016,White,162770,50,-26241.211230818997,189011.211230819
2007,White,196584.629448253,51,0,196584.629448253
2010,White,142941.11561234,51,-53643.51383591298,196584.629448253
2013,White,147705.74127907,51,-48878.88816918299,196584.629448253
2016,White,171450,51,-25134.629448252992,196584.629448253
2007,White,207574.191968658,52,0,207574.191968658
2010,White,151430.040511063,52,-56144.151457595,207574.191968658
2013,White,154356.36627907,52,-53217.825689588004,207574.191968658
2016,White,179750,52,-27824.191968658008,207574.191968658
2007,White,217069.915115899,53,0,217069.915115899
2010,White,156956.684325335,53,-60113.230790564005,217069.915115899
2013,White,163842.52906976698,53,-53227.386046132015,217069.915115899
2016,White,187500,53,-29569.915115899,217069.915115899
2007,White,227109.90532158,54,0,227109.90532158
2010,White,166351.978809598,54,-60757.92651198202,227109.90532158
2013,White,171163.372093023,54,-55946.533228557004,227109.90532158
2016,White,194200,54,-32909.90532158001,227109.90532158
2007,White,236547.727717924,55,0,236547.727717924
2010,White,173978.747273294,55,-62568.98044463,236547.727717924
2013,White,181268.197674419,55,-55279.53004350499,236547.727717924
2016,White,203200,55,-33347.72771792399,236547.727717924
2007,White,246193.992817499,56,0,246193.992817499
2010,White,182257.659707074,56,-63936.33311042501,246193.992817499
2013,White,190259.430232558,56,-55934.56258494101,246193.992817499
2016,White,214e3,56,-32193.992817499005,246193.992817499
2007,White,256268.723473719,57,0,256268.723473719
2010,White,191221.875973824,57,-65046.847499895,256268.723473719
2013,White,198487.645348837,57,-57781.07812488201,256268.723473719
2016,White,223200,57,-33068.723473719,256268.723473719
2007,White,267837.293503102,58,0,267837.293503102
2010,White,202717.29510751,58,-65119.998395591974,267837.293503102
2013,White,207303.590116279,58,-60533.70338682298,267837.293503102
2016,White,230100,58,-37737.29350310197,267837.293503102
2007,White,276997.192295135,59,0,276997.192295135
2010,White,213770.582736055,59,-63226.60955908001,276997.192295135
2013,White,215944.247093023,59,-61052.945202111994,276997.192295135
2016,White,239100,59,-37897.192295135,276997.192295135
2007,White,286492.915442377,60,0,286492.915442377
2010,White,223718.541601745,60,-62774.373840631975,286492.915442377
2013,White,223749.709302326,60,-62743.206140050985,286492.915442377
2016,White,249250,60,-37242.91544237698,286492.915442377
2007,White,294830.623571662,61,0,294830.623571662
2010,White,235390.81333748804,61,-59439.81023417396,294830.623571662
2013,White,234266.976744186,61,-60563.64682747601,294830.623571662
2016,White,261e3,61,-33830.623571662,294830.623571662
2007,White,305947.567744042,62,0,305947.567744042
2010,White,247593.642879402,62,-58353.92486464002,305947.567744042
2013,White,247062.985465116,62,-58884.58227892601,305947.567744042
2016,White,271790,62,-34157.567744042026,305947.567744042
2007,White,321939.755142018,63,0,321939.755142018
2010,White,262073.449672795,63,-59866.305469223036,321939.755142018
2013,White,258446.380813953,63,-63493.37432806502,321939.755142018
2016,White,282340,63,-39599.755142018024,321939.755142018
2007,White,333624.126673196,64,0,333624.126673196
2010,White,273734.66812091,64,-59889.45855228597,333624.126673196
2013,White,267473.702034884,64,-66150.42463831196,333624.126673196
2016,White,297e3,64,-36624.12667319598,333624.126673196
2007,White,347230.803134182,65,0,347230.803134182
2010,White,285373.779993768,65,-61857.02314041398,347230.803134182
2013,White,279016.918604651,65,-68213.884529531,347230.803134182
2016,White,311500,65,-35730.803134182,347230.803134182
2007,White,360026.869082599,66,0,360026.869082599
2010,White,298538.245559364,66,-61488.62352323503,360026.869082599
2013,White,289843.51744186,66,-70183.35164073901,360026.869082599
2016,White,320930,66,-39096.869082599005,360026.869082599
2007,White,373517.744041789,67,0,373517.744041789
2010,White,310529.957307572,67,-62987.78673421696,373517.744041789
2013,White,302422.994186047,67,-71094.74985574197,373517.744041789
2016,White,338700,67,-34817.744041788974,373517.744041789
2007,White,387587.626509958,68,0,387587.626509958
2010,White,321650.669990651,68,-65936.95651930699,387587.626509958
2013,White,315827.354651163,68,-71760.27185879502,387587.626509958
2016,White,357500,68,-30087.626509958005,387587.626509958
2007,White,400638.455762325,69,0,400638.455762325
2010,White,336019.943907759,69,-64618.51185456599,400638.455762325
2013,White,332531.25,69,-68107.20576232497,400638.455762325
2016,White,379600,69,-21038.45576232497,400638.455762325
2007,White,421749.069539667,70,0,421749.069539667
2010,White,357684.387659707,70,-64064.68187996,421749.069539667
2013,White,348925.813953488,70,-72823.25558617897,421749.069539667
2016,White,400100,70,-21649.06953966699,421749.069539667
2007,White,437984.440091414,71,0,437984.440091414
2010,White,375369.647865379,71,-62614.79222603503,437984.440091414
2013,White,370166.569767442,71,-67817.87032397202,437984.440091414
2016,White,414598.6,71,-23385.84009141405,437984.440091414
2007,White,455099.902056807,72,0,455099.902056807
2010,White,396205.095045185,72,-58894.807011622004,455099.902056807
2013,White,390066.889534884,72,-65033.012521922996,455099.902056807
2016,White,436400,72,-18699.902056807012,455099.902056807
2007,White,473998.707149853,73,0,473998.707149853
2010,White,418919.601121845,73,-55079.106028007984,473998.707149853
2013,White,407286.337209302,73,-66712.369940551,473998.707149853
2016,White,460250,73,-13748.707149852999,473998.707149853
2007,White,501073.09826967,74,0,501073.09826967
2010,White,440915.643502649,74,-60157.454767021,501073.09826967
2013,White,424536.718023256,74,-76536.38024641399,501073.09826967
2016,White,486e3,74,-15073.09826966998,501073.09826967
2007,White,522959.582109043,75,0,522959.582109043
2010,White,462248.48862574,75,-60711.09348330303,522959.582109043
2013,White,448221.191860465,75,-74738.39024857804,522959.582109043
2016,White,517780,75,-5179.582109043025,522959.582109043
2007,White,561637.283708782,76,0,561637.283708782
2010,White,480165.86787161103,76,-81471.41583717102,561637.283708782
2013,White,468430.843023256,76,-93206.44068552606,561637.283708782
2016,White,549600,76,-12037.283708782052,561637.283708782
2007,White,591456.170421156,77,0,591456.170421156
2010,White,503532.517918355,77,-87923.65250280098,591456.170421156
2013,White,495662.316860465,77,-95793.853560691,591456.170421156
2016,White,586765,77,-4691.1704211559845,591456.170421156
2007,White,619190.630101208,78,0,619190.630101208
2010,White,534205.391087566,78,-84985.23901364196,619190.630101208
2013,White,531225.11627907,78,-87965.51382213796,619190.630101208
2016,White,616590,78,-2600.630101207993,619190.630101208
2007,White,654394.286647078,79,0,654394.286647078
2010,White,569907.510127766,79,-84486.77651931194,654394.286647078
2013,White,579377.703488372,79,-75016.58315870597,654394.286647078
2016,White,658500,79,4105.713352922001,654394.286647078
2007,White,684618.478615736,80,0,684618.478615736
2010,White,604062.168899969,80,-80556.30971576704,684618.478615736
2013,White,612991.715116279,80,-71626.76349945704,684618.478615736
2016,White,698700,80,14081.521384263993,684618.478615736
2007,White,718085.1126346721,81,0,718085.1126346721
2010,White,641422.28108445,81,-76662.83155022212,718085.1126346721
2013,White,647946.162790698,81,-70138.94984397409,718085.1126346721
2016,White,753e3,81,34914.887365327915,718085.1126346721
2007,White,756531.211230819,82,0,756531.211230819
2010,White,680993.05079464,82,-75538.16043617902,756531.211230819
2013,White,683828.604651163,82,-72702.60657965601,756531.211230819
2016,White,811200,82,54668.788769181,756531.211230819
2007,White,784091.968658178,83,0,784091.968658178
2010,White,726200.997195388,83,-57890.97146279004,784091.968658178
2013,White,722391.918604651,83,-61700.050053527,784091.968658178
2016,White,866300,83,82208.031341822,784091.968658178
2007,White,823001.273261508,84,0,823001.273261508
2010,White,775730.779058897,84,-47270.49420261092,823001.273261508
2013,White,772916.046511628,84,-50085.22674988001,823001.273261508
2016,White,941040,84,118038.72673849203,823001.273261508
2007,White,872216.911524649,85,0,872216.911524649
2010,White,855524.462449361,85,-16692.449075288023,872216.911524649
2013,White,825811.715116279,85,-46405.196408370044,872216.911524649
2016,White,1015e3,85,142783.088475351,872216.911524649
2007,White,929886.0594188701,86,0,929886.0594188701
2010,White,937307.737612964,86,7421.678194093867,929886.0594188701
2013,White,881078.924418605,86,-48807.13500026509,929886.0594188701
2016,White,1099500,86,169613.94058112986,929886.0594188701
2007,White,975453.950375449,87,0,975453.950375449
2010,White,1026629.35493923,87,51175.40456378099,975453.950375449
2013,White,971506.802325581,87,-3947.148049868061,975453.950375449
2016,White,1187570,87,212116.04962455097,975453.950375449
2007,White,1059583.74142997,88,0,1059583.74142997
2010,White,1118603.76129635,88,59020.01986638014,1059583.74142997
2013,White,1043684.12790698,88,-15899.613522989908,1059583.74142997
2016,White,1286800,88,227216.2585700301,1059583.74142997
2007,White,1156914.90368919,89,0,1156914.90368919
2010,White,1232883.70208788,89,75968.79839869007,1156914.90368919
2013,White,1133802.6744186,89,-23112.229270590004,1156914.90368919
2016,White,1397100,89,240185.09631080995,1156914.90368919
2007,White,1253921.82174339,90,0,1253921.82174339
2010,White,1365302.08787784,90,111380.26613444998,1253921.82174339
2013,White,1233201.1627907,90,-20720.658952689962,1253921.82174339
2016,White,1540700,90,286778.17825660994,1253921.82174339
2007,White,1341560.39830232,91,0,1341560.39830232
2010,White,1527343.28451231,91,185782.88620999013,1341560.39830232
2013,White,1379514.9127907,91,37954.51448838017,1341560.39830232
2016,White,1728e3,91,386439.6016976801,1341560.39830232
2007,White,1563436.07574274,92,0,1563436.07574274
2010,White,1728955.25085696,92,165519.17511422,1563436.07574274
2013,White,1552843.60465116,92,-10592.471091579879,1563436.07574274
2016,White,1986400,92,422963.92425726005,1563436.07574274
2007,White,1875196.87887692,93,0,1875196.87887692
2010,White,1939863.0320972297,93,64666.15322030964,1875196.87887692
2013,White,1788760.34883721,93,-86436.53003970999,1875196.87887692
2016,White,2288e3,93,412803.1211230799,1875196.87887692
2007,White,2292638.13254979,94,0,2292638.13254979
2010,White,2181808.44499844,94,-110829.68755135033,2292638.13254979
2013,White,2078191.4244186,94,-214446.70813119016,2292638.13254979
2016,White,2549500,94,256861.8674502098,2292638.13254979
2007,White,2765687.26738492,95,0,2765687.26738492
2010,White,2547757.430748925,95,-217929.83663599472,2765687.26738492
2013,White,2520329.09883721,95,-245358.16854770994,2765687.26738492
2016,White,2939e3,95,173312.7326150802,2765687.26738492
2007,White,3525229.31766242,96,0,3525229.31766242
2010,White,3067928.40760361,96,-457300.9100588104,3525229.31766242
2013,White,3173224.56395349,96,-352004.7537089302,3525229.31766242
2016,White,3657400,96,132170.68233757978,3525229.31766242
2007,White,4639008.16193275,97,0,4639008.16193275
2010,White,4179844.9298847,97,-459163.23204804957,4639008.16193275
2013,White,4133698.54651163,97,-505309.6154211196,4639008.16193275
2016,White,5047405,97,408396.8380672503,4639008.16193275
2007,White,6847111.19817173,98,0,6847111.19817173
2010,White,5648561.57681521,98,-1198549.6213565199,6847111.19817173
2013,White,5994646.53197674,98,-852464.6661949903,6847111.19817173
2016,White,7696400,98,849288.8018282698,6847111.19817173
2007,White,10801964.0874959,99,0,10801964.0874959
2010,White,9308968.30788408,99,-1492995.7796118204,10801964.0874959
2013,White,9725172.84883721,99,-1076791.2386586908,10801964.0874959
2016,White,12206400,99,1404435.9125040993,10801964.0874959
2007,White,1634511768.8685715,100,0,1634511768.8685715
2010,White,1209214191.96011,100,-425297576.9084616,1634511768.8685715
2013,White,1365613147.44186,100,-268898621.42671156,1634511768.8685715
2016,White,17038e5,100,69288231.13142848,1634511768.8685715
2007,Black,-38422.9382957884,1,0,-38422.9382957884
2010,Black,-126205.332813961,1,-87782.3945181726,-38422.9382957884
2013,Black,-81024.2034883721,1,-42601.265192583705,-38422.9382957884
2016,Black,-91650,1,-53227.0617042116,-38422.9382957884
2007,Black,-29181.9784524976,2,0,-29181.9784524976
2010,Black,-65534.9423496416,2,-36352.963897144,-29181.9784524976
2013,Black,-65062.70348837209,2,-35880.72503587449,-29181.9784524976
2016,Black,-67700,2,-38518.0215475024,-29181.9784524976
2007,Black,-21654.8808357819,3,0,-21654.8808357819
2010,Black,-51950.4518541602,3,-30295.5710183783,-21654.8808357819
2013,Black,-54339.2151162791,3,-32684.334280497198,-21654.8808357819
2016,Black,-49825,3,-28170.1191642181,-21654.8808357819
2007,Black,-17486.0267711394,4,0,-17486.0267711394
2010,Black,-36575.3287628545,4,-19089.3019917151,-17486.0267711394
2013,Black,-46471.886627907,4,-28985.859856767598,-17486.0267711394
2016,Black,-36910,4,-19423.9732288606,-17486.0267711394
2007,Black,-11580.1501795625,5,0,-11580.1501795625
2010,Black,-27301.6204425055,5,-15721.470262943,-11580.1501795625
2013,Black,-38871.614244186,5,-27291.4640646235,-11580.1501795625
2016,Black,-30300,5,-18719.8498204375,-11580.1501795625
2007,Black,-10306.3336598106,6,0,-10306.3336598106
2010,Black,-20669.6478653786,6,-10363.314205568,-10306.3336598106
2013,Black,-31139.360465116297,6,-20833.026805305697,-10306.3336598106
2016,Black,-25850,6,-15543.6663401894,-10306.3336598106
2007,Black,-8106.10512569376,7,0,-8106.10512569376
2010,Black,-14423.435026488,7,-6317.32990079424,-8106.10512569376
2013,Black,-26148.8139534884,7,-18042.70882779464,-8106.10512569376
2016,Black,-21840,7,-13733.89487430624,-8106.10512569376
2007,Black,-6322.76199804114,8,0,-6322.76199804114
2010,Black,-10655.3692739171,8,-4332.60727587596,-6322.76199804114
2013,Black,-22663.6802325581,8,-16340.918234516961,-6322.76199804114
2016,Black,-17620,8,-11297.23800195886,-6322.76199804114
2007,Black,-4400.45706823376,9,0,-4400.45706823376
2010,Black,-7626.76846369586,9,-3226.3113954621003,-4400.45706823376
2013,Black,-19869.386627907,9,-15468.929559673239,-4400.45706823376
2016,Black,-13690,9,-9289.54293176624,-4400.45706823376
2007,Black,-2812.81847861574,10,0,-2812.81847861574
2010,Black,-5725.60299158616,10,-2912.78451297042,-2812.81847861574
2013,Black,-17528.7790697674,10,-14715.96059115166,-2812.81847861574
2016,Black,-11960,10,-9147.18152138426,-2812.81847861574
2007,Black,-2316.0300359125,11,0,-2316.0300359125
2010,Black,-4819.2334060455,11,-2503.2033701329997,-2316.0300359125
2013,Black,-14228.2130813953,11,-11912.183045482801,-2316.0300359125
2016,Black,-10270,11,-7953.969964087501,-2316.0300359125
2007,Black,-1909.56676460986,12,0,-1909.56676460986
2010,Black,-3315.98628856342,12,-1406.4195239535602,-1909.56676460986
2013,Black,-11754.5930232558,12,-9845.02625864594,-1909.56676460986
2016,Black,-7998,12,-6088.43323539014,-1909.56676460986
2007,Black,-1378.03787136794,13,0,-1378.03787136794
2010,Black,-2884.90807105017,13,-1506.87019968223,-1378.03787136794
2013,Black,-9630.51744186047,13,-8252.47957049253,-1378.03787136794
2016,Black,-6e3,13,-4621.96212863206,-1378.03787136794
2007,Black,-613.747959516814,14,0,-613.747959516814
2010,Black,-1657.99314428171,14,-1044.245184764896,-613.747959516814
2013,Black,-8021.99418604651,14,-7408.246226529695,-613.747959516814
2016,Black,-4900,14,-4286.252040483186,-613.747959516814
2007,Black,0,15,0,0
2010,Black,-773.73013399813,15,-773.73013399813,0
2013,Black,-6495.95930232558,15,-6495.95930232558,0
2016,Black,-3670,15,-3670,0
2007,Black,0,16,0,0
2010,Black,-121.586163913992,16,-121.586163913992,0
2013,Black,-4928.68023255814,16,-4928.68023255814,0
2016,Black,-1850,16,-1850,0
2007,Black,0,17,0,0
2010,Black,0,17,0,0
2013,Black,-4083.17441860465,17,-4083.17441860465,0
2016,Black,-950,17,-950,0
2007,Black,0,18,0,0
2010,Black,0,18,0,0
2013,Black,-2990.20348837209,18,-2990.20348837209,0
2016,Black,-220,18,-220,0
2007,Black,0,19,0,0
2010,Black,0,19,0,0
2013,Black,-2495.27325581395,19,-2495.27325581395,0
2016,Black,0,19,0,0
2007,Black,0,20,0,0
2010,Black,0,20,0,0
2013,Black,-1633.26976744186,20,-1633.26976744186,0
2016,Black,20,20,20,0
2007,Black,1.15801501795625,21,0,1.15801501795625
2010,Black,0,21,-1.15801501795625,1.15801501795625
2013,Black,-721.773255813953,21,-722.9312708319093,1.15801501795625
2016,Black,120,21,118.84198498204375,1.15801501795625
2007,Black,92.6412014365002,22,0,92.6412014365002
2010,Black,0,22,-92.6412014365002,92.6412014365002
2013,Black,-205.189825581395,22,-297.8310270178952,92.6412014365002
2016,Black,222,22,129.35879856349982,92.6412014365002
2007,Black,244.341168788769,23,0,244.341168788769
2010,Black,1.10532876285447,23,-243.23584002591454,244.341168788769
2013,Black,0,23,-244.341168788769,244.341168788769
2016,Black,320,23,75.65883121123099,244.341168788769
2007,Black,729.549461312439,24,0,729.549461312439
2010,Black,33.1598628856342,24,-696.3895984268048,729.549461312439
2013,Black,0,24,-729.549461312439,729.549461312439
2016,Black,460,24,-269.549461312439,729.549461312439
2007,Black,926.412014365002,25,0,926.412014365002
2010,Black,165.799314428171,25,-760.6126999368311,926.412014365002
2013,Black,0,25,-926.412014365002,926.412014365002
2016,Black,600,25,-326.41201436500205,926.412014365002
2007,Black,1263.39438459027,26,0,1263.39438459027
2010,Black,552.664381427236,26,-710.730003163034,1263.39438459027
2013,Black,0,26,-1263.39438459027,1263.39438459027
2016,Black,800,26,-463.39438459026996,1263.39438459027
2007,Black,1737.02252693438,27,0,1737.02252693438
2010,Black,1105.32876285447,27,-631.6937640799101,1737.02252693438
2013,Black,0,27,-1737.02252693438,1737.02252693438
2016,Black,910,27,-827.02252693438,1737.02252693438
2007,Black,2026.52628142344,28,0,2026.52628142344
2010,Black,1425.87410408227,28,-600.65217734117,2026.52628142344
2013,Black,51.5552325581395,28,-1974.9710488653004,2026.52628142344
2016,Black,1140,28,-886.52628142344,2026.52628142344
2007,Black,2316.0300359125,29,0,2316.0300359125
2010,Black,1768.52602056715,29,-547.5040153453499,2316.0300359125
2013,Black,154.665697674419,29,-2161.364338238081,2316.0300359125
2016,Black,1400,29,-916.0300359124999,2316.0300359125
2007,Black,2896.19555990859,30,0,2896.19555990859
2010,Black,2210.65752570894,30,-685.5380341996502,2896.19555990859
2013,Black,329.953488372093,30,-2566.242071536497,2896.19555990859
2016,Black,1560,30,-1336.19555990859,2896.19555990859
2007,Black,3162.53901403852,31,0,3162.53901403852
2010,Black,2542.25615456529,31,-620.2828594732296,3162.53901403852
2013,Black,618.662790697674,31,-2543.8762233408456,3162.53901403852
2016,Black,2e3,31,-1162.5390140385198,3162.53901403852
2007,Black,3960.41136141038,32,0,3960.41136141038
2010,Black,3205.45341227797,32,-754.9579491324098,3960.41136141038
2013,Black,886.75,32,-3073.66136141038,3960.41136141038
2016,Black,2520,32,-1440.4113614103799,3960.41136141038
2007,Black,4400.45706823376,33,0,4400.45706823376
2010,Black,3592.31847927703,33,-808.13858895673,4400.45706823376
2013,Black,1288.88081395349,33,-3111.57625428027,4400.45706823376
2016,Black,3040,33,-1360.4570682337599,4400.45706823376
2007,Black,4933.14397649363,34,0,4933.14397649363
2010,Black,3979.1835462761,34,-953.9604302175303,4933.14397649363
2013,Black,1649.76744186047,34,-3283.37653463316,4933.14397649363
2016,Black,3700,34,-1233.1439764936304,4933.14397649363
2007,Black,5419.51028403526,35,0,5419.51028403526
2010,Black,4598.1676534746,35,-821.3426305606599,5419.51028403526
2013,Black,2062.20930232558,35,-3357.30098170968,5419.51028403526
2016,Black,4200,35,-1219.5102840352602,5419.51028403526
2007,Black,5882.71629121776,36,0,5882.71629121776
2010,Black,5150.83203490184,36,-731.8842563159196,5882.71629121776
2013,Black,2639.62790697674,36,-3243.08838424102,5882.71629121776
2016,Black,4661,36,-1221.71629121776,5882.71629121776
2007,Black,6299.60169768201,37,0,6299.60169768201
2010,Black,5686.91648488626,37,-612.68521279575,6299.60169768201
2013,Black,3196.42441860465,37,-3103.1772790773603,6299.60169768201
2016,Black,5250,37,-1049.6016976820101,6299.60169768201
2007,Black,6484.88410055501,38,0,6484.88410055501
2010,Black,6278.2673730134,38,-206.6167275416101,6484.88410055501
2013,Black,3711.97674418605,38,-2772.9073563689603,6484.88410055501
2016,Black,5490,38,-994.8841005550103,6484.88410055501
2007,Black,7353.3953640222,39,0,7353.3953640222
2010,Black,6841.98504206918,39,-511.4103219530198,7353.3953640222
2013,Black,4021.30813953488,39,-3332.08722448732,7353.3953640222
2016,Black,5700,39,-1653.3953640221998,7353.3953640222
2007,Black,8221.90662748939,40,0,8221.90662748939
2010,Black,7460.96914926768,40,-760.9374782217101,8221.90662748939
2013,Black,4598.72674418605,40,-3623.17988330334,8221.90662748939
2016,Black,6230,40,-1991.9066274893903,8221.90662748939
2007,Black,8743.0133855697,41,0,8743.0133855697
2010,Black,8245.75257089436,41,-497.26081467534095,8743.0133855697
2013,Black,4949.3023255814,41,-3793.711059988301,8743.0133855697
2016,Black,6870,41,-1873.0133855697004,8743.0133855697
2007,Black,9704.16585047339,42,0,9704.16585047339
2010,Black,8964.21626674977,42,-739.9495837236191,9704.16585047339
2013,Black,5361.74418604651,42,-4342.42166442688,9704.16585047339
2016,Black,7900,42,-1804.1658504733896,9704.16585047339
2007,Black,11939.134835129,43,0,11939.134835129
2010,Black,9726.89311311935,43,-2212.2417220096504,11939.134835129
2013,Black,5985.5625,43,-5953.572335129,11939.134835129
2016,Black,8530,43,-3409.134835129,11939.134835129
2007,Black,12969.76820111,44,0,12969.76820111
2010,Black,10445.3568089748,44,-2524.4113921352,12969.76820111
2013,Black,6403.15988372093,44,-6566.60831738907,12969.76820111
2016,Black,9170,44,-3799.7682011100005,12969.76820111
2007,Black,13409.8139079334,45,0,13409.8139079334
2010,Black,11384.8862574011,45,-2024.9276505322996,13409.8139079334
2013,Black,7063.06686046512,45,-6346.74704746828,13409.8139079334
2016,Black,10275,45,-3134.8139079333996,13409.8139079334
2007,Black,14405.7068233758,46,0,14405.7068233758
2010,Black,12821.8136491119,46,-1583.8931742638997,14405.7068233758
2013,Black,8104.48255813954,46,-6301.22426523626,14405.7068233758
2016,Black,11215,46,-3190.7068233758,14405.7068233758
2007,Black,15864.8057460007,47,0,15864.8057460007
2010,Black,13507.1174820816,47,-2357.688263919101,15864.8057460007
2013,Black,8836.56686046512,47,-7028.23888553558,15864.8057460007
2016,Black,12130,47,-3734.8057460007003,15864.8057460007
2007,Black,17022.8207639569,48,0,17022.8207639569
2010,Black,14479.8067933936,48,-2543.013970563301,17022.8207639569
2013,Black,9640.82848837209,48,-7381.992275584811,17022.8207639569
2016,Black,13500,48,-3522.820763956901,17022.8207639569
2007,Black,18991.4462944825,49,0,18991.4462944825
2010,Black,15905.6808974758,49,-3085.7653970066985,18991.4462944825
2013,Black,10723.488372093,49,-8267.9579223895,18991.4462944825
2016,Black,14700,49,-4291.446294482499,18991.4462944825
2007,Black,19802.0568070519,50,0,19802.0568070519
2010,Black,17209.9688376441,50,-2592.0879694077994,19802.0568070519
2013,Black,11373.0843023256,50,-8428.9725047263,19802.0568070519
2016,Black,16600,50,-3202.0568070519003,19802.0568070519
2007,Black,23808.7887691805,51,0,23808.7887691805
2010,Black,18370.5640386413,51,-5438.224730539201,23808.7887691805
2013,Black,12888.8081395349,51,-10919.9806296456,23808.7887691805
2016,Black,18300,51,-5508.788769180501,23808.7887691805
2007,Black,28371.367939928205,52,0,28371.367939928205
2010,Black,19895.9177313805,52,-8475.450208547703,28371.367939928205
2013,Black,13754.9360465116,52,-14616.431893416604,28371.367939928205
2016,Black,20060,52,-8311.367939928205,28371.367939928205
2007,Black,30641.077375122397,53,0,30641.077375122397
2010,Black,21443.3779993768,53,-9197.699375745597,30641.077375122397
2013,Black,14899.4622093023,53,-15741.615165820096,30641.077375122397
2016,Black,22655,53,-7986.077375122397,30641.077375122397
2007,Black,35087.8550440744,54,0,35087.8550440744
2010,Black,24438.8189467124,54,-10649.036097362,35087.8550440744
2013,Black,16188.3430232558,54,-18899.512020818598,35087.8550440744
2016,Black,24900,54,-10187.8550440744,35087.8550440744
2007,Black,37868.2491021874,55,0,37868.2491021874
2010,Black,27213.1941414771,55,-10655.054960710302,37868.2491021874
2013,Black,16911.1473837209,55,-20957.1017184665,37868.2491021874
2016,Black,27320,55,-10548.249102187401,37868.2491021874
2007,Black,39835.7166176951,56,0,39835.7166176951
2010,Black,28849.0807105017,56,-10986.635907193398,39835.7166176951
2013,Black,18662.9941860465,56,-21172.7224316486,39835.7166176951
2016,Black,30080,56,-9755.7166176951,39835.7166176951
2007,Black,42927.6167156383,57,0,42927.6167156383
2010,Black,31999.267684637,57,-10928.3490310013,42927.6167156383
2013,Black,19910.6308139535,57,-23016.985901684802,42927.6167156383
2016,Black,32900,57,-10027.616715638302,42927.6167156383
2007,Black,44467.7766895201,58,0,44467.7766895201
2010,Black,34265.1916484886,58,-10202.585041031496,44467.7766895201
2013,Black,21910.9738372093,58,-22556.802852310797,44467.7766895201
2016,Black,35650,58,-8817.776689520098,44467.7766895201
2007,Black,47478.6157362063,59,0,47478.6157362063
2010,Black,37802.2436896229,59,-9676.372046583405,47478.6157362063
2013,Black,23715.4069767442,59,-23763.2087594621,47478.6157362063
2016,Black,38260,59,-9218.615736206302,47478.6157362063
2007,Black,52689.6833170095,60,0,52689.6833170095
2010,Black,40233.9669679028,60,-12455.716349106697,52689.6833170095
2013,Black,25983.8372093023,60,-26705.8461077072,52689.6833170095
2016,Black,4e4,60,-12689.683317009498,52689.6833170095
2007,Black,61027.3914462945,61,0,61027.3914462945
2010,Black,44434.2162667498,61,-16593.175179544705,61027.3914462945
2013,Black,27757.3372093023,61,-33270.054236992204,61027.3914462945
2016,Black,41200,61,-19827.391446294503,61027.3914462945
2007,Black,63690.8259875939,62,0,63690.8259875939
2010,Black,47319.1243377999,62,-16371.701649793999,63690.8259875939
2013,Black,30438.2093023256,62,-33252.616685268295,63690.8259875939
2016,Black,43380,62,-20310.825987593897,63690.8259875939
2007,Black,65659.4515181195,63,0,65659.4515181195
2010,Black,50436.1514490495,63,-15223.30006907,65659.4515181195
2013,Black,33015.9709302326,63,-32643.4805878869,65659.4515181195
2016,Black,45570,63,-20089.451518119502,65659.4515181195
2007,Black,69480.9010773751,64,0,69480.9010773751
2010,Black,53453.6989716423,64,-16027.20210573281,69480.9010773751
2013,Black,35160.6686046512,64,-34320.23247272391,69480.9010773751
2016,Black,48443,64,-21037.901077375107,69480.9010773751
2007,Black,73800.2970943519,65,0,73800.2970943519
2010,Black,55598.0367715799,65,-18202.260322772003,73800.2970943519
2013,Black,37532.2093023256,65,-36268.0877920263,73800.2970943519
2016,Black,53240,65,-20560.297094351903,73800.2970943519
2007,Black,80725.2269017303,66,0,80725.2269017303
2010,Black,61787.877843565,66,-18937.349058165302,80725.2269017303
2013,Black,41037.9651162791,66,-39687.26178545121,80725.2269017303
2016,Black,57250,66,-23475.226901730304,80725.2269017303
2007,Black,88124.9428664708,67,0,88124.9428664708
2010,Black,65214.3970084138,67,-22910.545858056998,88124.9428664708
2013,Black,43615.726744186,67,-44509.21612228479,88124.9428664708
2016,Black,61150,67,-26974.942866470796,88124.9428664708
2007,Black,95073.0329742083,68,0,95073.0329742083
2010,Black,70519.9750701153,68,-24553.057904093002,95073.0329742083
2013,Black,47224.5930232558,68,-47848.439950952496,95073.0329742083
2016,Black,68200,68,-26873.032974208298,95073.0329742083
2007,Black,101326.314071172,69,0,101326.314071172
2010,Black,73250.1371143658,69,-28076.1769568062,101326.314071172
2013,Black,51555.2325581395,69,-49771.081513032506,101326.314071172
2016,Black,72500,69,-28826.314071172004,101326.314071172
2007,Black,110787.296767875,70,0,110787.296767875
2010,Black,76112.9386101589,70,-34674.358157716095,110787.296767875
2013,Black,54803.2122093023,70,-55984.0845585727,110787.296767875
2016,Black,77680,70,-33107.296767875,110787.296767875
2007,Black,118708.119490695,71,0,118708.119490695
2010,Black,80036.8557182923,71,-38671.2637724027,118708.119490695
2013,Black,59298.8284883721,71,-59409.2910023229,118708.119490695
2016,Black,80680,71,-38028.119490695,118708.119490695
2007,Black,126767.904015671,72,0,126767.904015671
2010,Black,84502.3839202244,72,-42265.5200954466,126767.904015671
2013,Black,62794.273255814,72,-63973.630759857,126767.904015671
2016,Black,85260,72,-41507.904015670996,126767.904015671
2007,Black,139656.611165524,73,0,139656.611165524
2010,Black,90172.7204736678,73,-49483.8906918562,139656.611165524
2013,Black,68465.3488372093,73,-71191.2623283147,139656.611165524
2016,Black,89280,73,-50376.611165523995,139656.611165524
2007,Black,152973.783872021,74,0,152973.783872021
2010,Black,99865.3483951387,74,-53108.43547688231,152973.783872021
2013,Black,71249.3313953488,74,-81724.45247667222,152973.783872021
2016,Black,92660,74,-60313.78387202101,152973.783872021
2007,Black,160755.644792687,75,0,160755.644792687
2010,Black,108045.886569025,75,-52709.75822366201,160755.644792687
2013,Black,77126.6279069767,75,-83629.0168857103,160755.644792687
2016,Black,97500,75,-63255.644792687,160755.644792687
2007,Black,170459.81064316,76,0,170459.81064316
2010,Black,113053.025864755,76,-57406.78477840498,170459.81064316
2013,Black,82952.3691860465,76,-87507.44145711348,170459.81064316
2016,Black,103340,76,-67119.81064315999,170459.81064316
2007,Black,187482.631407117,77,0,187482.631407117
2010,Black,118380.710501714,77,-69101.920905403,187482.631407117
2013,Black,86612.7906976744,77,-100869.84070944261,187482.631407117
2016,Black,109400,77,-78082.631407117,187482.631407117
2007,Black,204389.650669278,78,0,204389.650669278
2010,Black,126339.07759426601,78,-78050.57307501198,204389.650669278
2013,Black,90572.2325581395,78,-113817.4181111385,204389.650669278
2016,Black,115980,78,-88409.650669278,204389.650669278
2007,Black,225986.630754163,79,0,225986.630754163
2010,Black,131920.987846681,79,-94065.64290748199,225986.630754163
2013,Black,97439.3895348837,79,-128547.2412192793,225986.630754163
2016,Black,125820,79,-100166.630754163,225986.630754163
2007,Black,242025.138752857,80,0,242025.138752857
2010,Black,137723.963851667,80,-104301.17490118998,242025.138752857
2013,Black,108998.072674419,80,-133027.066078438,242025.138752857
2016,Black,130390,80,-111635.13875285699,242025.138752857
2007,Black,247816.371857656,81,0,247816.371857656
2010,Black,149639.407915238,81,-98176.96394241799,247816.371857656
2013,Black,115689.94186046501,81,-132126.42999719098,247816.371857656
2016,Black,143e3,81,-104816.37185765599,247816.371857656
2007,Black,257310.936989879,82,0,257310.936989879
2010,Black,162206.995948894,82,-95103.941040985,257310.936989879
2013,Black,119814.360465116,82,-137496.57652476302,257310.936989879
2016,Black,152650,82,-104660.936989879,257310.936989879
2007,Black,265648.645119164,83,0,265648.645119164
2010,Black,181329.183546276,83,-84319.46157288802,265648.645119164
2013,Black,126928.98255814,83,-138719.66256102402,265648.645119164
2016,Black,161150,83,-104498.64511916402,265648.645119164
2007,Black,280818.641854391,84,0,280818.641854391
2010,Black,188016.422561546,84,-92802.21929284502,280818.641854391
2013,Black,146829.302325581,84,-133989.33952881003,280818.641854391
2016,Black,179230,84,-101588.64185439103,280818.641854391
2007,Black,283945.282402873,85,0,283945.282402873
2010,Black,197533.303209723,85,-86411.97919314998,283945.282402873
2013,Black,154047.034883721,85,-129898.24751915198,283945.282402873
2016,Black,190550,85,-93395.28240287298,283945.282402873
2007,Black,299254.240940255,86,0,299254.240940255
2010,Black,214046.914926768,86,-85207.326013487,299254.240940255
2013,Black,159243.802325581,86,-140010.438614674,299254.240940255
2016,Black,205300,86,-93954.240940255,299254.240940255
2007,Black,312779.856349984,87,0,312779.856349984
2010,Black,230107.34185104398,87,-82672.51449894003,312779.856349984
2013,Black,164017.816860465,87,-148762.039489519,312779.856349984
2016,Black,228e3,87,-84779.85634998401,312779.856349984
2007,Black,354005.190989226,88,0,354005.190989226
2010,Black,237369.35182299797,88,-116635.83916622802,354005.190989226
2013,Black,176731.337209302,88,-177273.853779924,354005.190989226
2016,Black,243500,88,-110505.19098922599,354005.190989226
2007,Black,372151.286320601,89,0,372151.286320601
2010,Black,246211.98192583397,89,-125939.30439476704,372151.286320601
2013,Black,185805.058139535,89,-186346.22818106602,372151.286320601
2016,Black,266300,89,-105851.28632060101,372151.286320601
2007,Black,393956.709108717,90,0,393956.709108717
2010,Black,258978.529136803,90,-134978.17997191398,393956.709108717
2013,Black,211170.23255814,90,-182786.47655057698,393956.709108717
2016,Black,286700,90,-107256.70910871698,393956.709108717
2007,Black,431291.113287627,91,0,431291.113287627
2010,Black,285329.566843253,91,-145961.54644437402,431291.113287627
2013,Black,226843.023255814,91,-204448.090031813,431291.113287627
2016,Black,307600,91,-123691.113287627,431291.113287627
2007,Black,518200.140385243,92,0,518200.140385243
2010,Black,296117.575568713,92,-222082.56481652998,518200.140385243
2013,Black,251795.755813953,92,-266404.38457129,518200.140385243
2016,Black,337820,92,-180380.140385243,518200.140385243
2007,Black,563988.054195233,93,0,563988.054195233
2010,Black,325961.452165784,93,-238026.60202944902,563988.054195233
2013,Black,273593.308139535,93,-290394.746055698,563988.054195233
2016,Black,390960,93,-173028.05419523304,563988.054195233
2007,Black,664700.620306889,94,0,664700.620306889
2010,Black,375038.049236522,94,-289662.57107036695,664700.620306889
2013,Black,310465.610465116,94,-354235.00984177296,664700.620306889
2016,Black,408e3,94,-256700.62030688894,664700.620306889
2007,Black,757457.623245184,95,0,757457.623245184
2010,Black,394491.835462761,95,-362965.78778242297,757457.623245184
2013,Black,340367.645348837,95,-417089.97789634694,757457.623245184
2016,Black,46e4,95,-297457.62324518396,757457.623245184
2007,Black,860868.3643486782,96,0,860868.3643486782
2010,Black,488776.378934247,96,-372091.98541443114,860868.3643486782
2013,Black,433373.284883721,96,-427495.0794649572,860868.3643486782
2016,Black,530050,96,-330818.36434867815,860868.3643486782
2007,Black,960457.655892915,97,0,960457.655892915
2010,Black,631308.522904332,97,-329149.13298858295,960457.655892915
2013,Black,546176.13372093,97,-414281.522171985,960457.655892915
2016,Black,678190,97,-282267.655892915,960457.655892915
2007,Black,1126864.41397323,98,0,1126864.41397323
2010,Black,896753.225303833,98,-230111.1886693969,1126864.41397323
2013,Black,697593.851744186,98,-429270.5622290439,1126864.41397323
2016,Black,946900,98,-179964.41397322994,1126864.41397323
2007,Black,1347535.75579497,99,0,1347535.75579497
2010,Black,1591783.95138672,99,244248.19559174986,1347535.75579497
2013,Black,1266206.82267442,99,-81328.93312055012,1347535.75579497
2016,Black,1622950,99,275414.2442050299,1347535.75579497
2007,Black,47526094.3519425,100,0,47526094.3519425
2010,Black,428067080.897476,100,380540986.54553354,47526094.3519425
2013,Black,238603710.107558,100,191077615.7556155,47526094.3519425
2016,Black,290823e3,100,243296905.6480575,47526094.3519425
2007,Hispanic,-29261.8814887365,1,0,-29261.8814887365
2010,Hispanic,-87254.652539732,1,-57992.77105099549,-29261.8814887365
2013,Hispanic,-78869.1947674419,1,-49607.313278705406,-29261.8814887365
2016,Hispanic,-73600,1,-44338.1185112635,-29261.8814887365
2007,Hispanic,-26819.6278158668,2,0,-26819.6278158668
2010,Hispanic,-42002.4929884699,2,-15182.865172603102,-26819.6278158668
2013,Hispanic,-56607.6453488372,2,-29788.0175329704,-26819.6278158668
2016,Hispanic,-50430,2,-23610.3721841332,-26819.6278158668
2007,Hispanic,-19686.2553052563,3,0,-19686.2553052563
2010,Hispanic,-31833.4683702088,3,-12147.213064952499,-19686.2553052563
2013,Hispanic,-47224.5930232558,3,-27538.3377179995,-19686.2553052563
2016,Hispanic,-37030,3,-17343.7446947437,-19686.2553052563
2007,Hispanic,-9032.51714005877,4,0,-9032.51714005877
2010,Hispanic,-19011.6547210969,4,-9979.13758103813,-9032.51714005877
2013,Hispanic,-31550.771220930204,4,-22518.254080871433,-9032.51714005877
2016,Hispanic,-24580,4,-15547.48285994123,-9032.51714005877
2007,Hispanic,-7909.2425726412,5,0,-7909.2425726412
2010,Hispanic,-15607.2421315051,5,-7697.999558863899,-7909.2425726412
2013,Hispanic,-19456.9447674419,5,-11547.702194800699,-7909.2425726412
2016,Hispanic,-15050,5,-7140.7574273588,-7909.2425726412
2007,Hispanic,-6438.56349983676,6,0,-6438.56349983676
2010,Hispanic,-12545.4814583983,6,-6106.917958561541,-6438.56349983676
2013,Hispanic,-14961.3284883721,6,-8522.764988535342,-6438.56349983676
2016,Hispanic,-7890,6,-1451.4365001632405,-6438.56349983676
2007,Hispanic,-2281.28958537382,7,0,-2281.28958537382
2010,Hispanic,-9008.42941726395,7,-6727.139831890129,-2281.28958537382
2013,Hispanic,-9682.0726744186,7,-7400.783089044779,-2281.28958537382
2016,Hispanic,-4580,7,-2298.71041462618,-2281.28958537382
2007,Hispanic,-1388.46000652955,8,0,-1388.46000652955
2010,Hispanic,-6819.87846681209,8,-5431.41846028254,-1388.46000652955
2013,Hispanic,-7630.17441860465,8,-6241.7144120751,-1388.46000652955
2016,Hispanic,-2499,8,-1110.53999347045,-1388.46000652955
2007,Hispanic,-822.190662748939,9,0,-822.190662748939
2010,Hispanic,-4421.31505141789,9,-3599.124388668951,-822.190662748939
2013,Hispanic,-5103.96802325581,9,-4281.777360506871,-822.190662748939
2016,Hispanic,-1670,9,-847.809337251061,-822.190662748939
2007,Hispanic,-231.60300359125,10,0,-231.60300359125
2010,Hispanic,-1657.99314428171,10,-1426.3901406904602,-231.60300359125
2013,Hispanic,-4124.41860465116,10,-3892.8156010599105,-231.60300359125
2016,Hispanic,-995,10,-763.39699640875,-231.60300359125
2007,Hispanic,0,11,0,0
2010,Hispanic,-1104.22343409162,11,-1104.22343409162,0
2013,Hispanic,-2062.20930232558,11,-2062.20930232558,0
2016,Hispanic,-188,11,-188,0
2007,Hispanic,0,12,0,0
2010,Hispanic,-110.532876285447,12,-110.532876285447,0
2013,Hispanic,-1546.65697674419,12,-1546.65697674419,0
2016,Hispanic,0,12,0,0
2007,Hispanic,0,13,0,0
2010,Hispanic,0,13,0,0
2013,Hispanic,-1103.28197674419,13,-1103.28197674419,0
2016,Hispanic,0,13,0,0
2007,Hispanic,0,14,0,0
2010,Hispanic,0,14,0,0
2013,Hispanic,-103.11046511627902,14,-103.11046511627902,0
2016,Hispanic,10,14,10,0
2007,Hispanic,0,15,0,0
2010,Hispanic,0,15,0,0
2013,Hispanic,0,15,0,0
2016,Hispanic,60,15,60,0
2007,Hispanic,347.404505386876,16,0,347.404505386876
2010,Hispanic,0,16,-347.404505386876,347.404505386876
2013,Hispanic,0,16,-347.404505386876,347.404505386876
2016,Hispanic,180,16,-167.404505386876,347.404505386876
2007,Hispanic,463.206007182501,17,0,463.206007182501
2010,Hispanic,0,17,-463.206007182501,463.206007182501
2013,Hispanic,1.03110465116279,17,-462.17490253133826,463.206007182501
2016,Hispanic,300,17,-163.20600718250103,463.206007182501
2007,Hispanic,810.610512569376,18,0,810.610512569376
2010,Hispanic,11.0532876285447,18,-799.5572249408314,810.610512569376
2013,Hispanic,103.110465116279,18,-707.5000474530971,810.610512569376
2016,Hispanic,500,18,-310.61051256937606,810.610512569376
2007,Hispanic,1042.21351616063,19,0,1042.21351616063
2010,Hispanic,110.532876285447,19,-931.680639875183,1042.21351616063
2013,Hispanic,237.15406976744197,19,-805.059446393188,1042.21351616063
2016,Hispanic,740,19,-302.21351616063,1042.21351616063
2007,Hispanic,1516.99967352269,20,0,1516.99967352269
2010,Hispanic,221.065752570894,20,-1295.9339209517962,1516.99967352269
2013,Hispanic,412.441860465116,20,-1104.557813057574,1516.99967352269
2016,Hispanic,1e3,20,-516.99967352269,1516.99967352269
2007,Hispanic,1968.62553052563,21,0,1968.62553052563
2010,Hispanic,552.664381427236,21,-1415.961149098394,1968.62553052563
2013,Hispanic,587.729651162791,21,-1380.895879362839,1968.62553052563
2016,Hispanic,1200,21,-768.62553052563,1968.62553052563
2007,Hispanic,2316.0300359125,22,0,2316.0300359125
2010,Hispanic,884.2630102835769,22,-1431.767025628923,2316.0300359125
2013,Hispanic,721.773255813953,22,-1594.2567800985469,2316.0300359125
2016,Hispanic,1500,22,-816.0300359124999,2316.0300359125
2007,Hispanic,2570.79333986288,23,0,2570.79333986288
2010,Hispanic,1326.39451542537,23,-1244.3988244375103,2570.79333986288
2013,Hispanic,1237.32558139535,23,-1333.4677584675303,2570.79333986288
2016,Hispanic,1800,23,-770.7933398628802,2570.79333986288
2007,Hispanic,2895.03754489063,24,0,2895.03754489063
2010,Hispanic,1768.52602056715,24,-1126.5115243234802,2895.03754489063
2013,Hispanic,1649.76744186047,24,-1245.2701030301603,2895.03754489063
2016,Hispanic,2202,24,-693.0375448906302,2895.03754489063
2007,Hispanic,3474.04505386876,25,0,3474.04505386876
2010,Hispanic,2122.23122468059,25,-1351.81382918817,3474.04505386876
2013,Hispanic,2062.20930232558,25,-1411.8357515431799,3474.04505386876
2016,Hispanic,2600,25,-874.0450538687601,3474.04505386876
2007,Hispanic,3811.02742409403,26,0,3811.02742409403
2010,Hispanic,2763.32190713618,26,-1047.7055169578498,3811.02742409403
2013,Hispanic,2474.6511627907,26,-1336.37626130333,3811.02742409403
2016,Hispanic,3e3,26,-811.0274240940298,3811.02742409403
2007,Hispanic,4168.85406464251,27,0,4168.85406464251
2010,Hispanic,3205.45341227797,27,-963.4006523645398,4168.85406464251
2013,Hispanic,2680.87209302326,27,-1487.98197161925,4168.85406464251
2016,Hispanic,3300,27,-868.8540646425099,4168.85406464251
2007,Hispanic,4400.45706823376,28,0,4400.45706823376
2010,Hispanic,3537.05204113431,28,-863.4050270994499,4400.45706823376
2013,Hispanic,3217.04651162791,28,-1183.4105566058497,4400.45706823376
2016,Hispanic,3580,28,-820.4570682337599,4400.45706823376
2007,Hispanic,4794.18217433888,29,0,4794.18217433888
2010,Hispanic,3868.65066999065,29,-925.5315043482301,4794.18217433888
2013,Hispanic,3691.35465116279,29,-1102.82752317609,4794.18217433888
2016,Hispanic,4e3,29,-794.18217433888,4794.18217433888
2007,Hispanic,5674.27358798563,30,0,5674.27358798563
2010,Hispanic,4288.67559987535,30,-1385.5979881102803,5674.27358798563
2013,Hispanic,4114.10755813954,30,-1560.1660298460902,5674.27358798563
2016,Hispanic,4470,30,-1204.27358798563,5674.27358798563
2007,Hispanic,6021.67809337251,31,0,6021.67809337251
2010,Hispanic,4863.44655655968,31,-1158.2315368128302,6021.67809337251
2013,Hispanic,4330.63953488372,31,-1691.03855848879,6021.67809337251
2016,Hispanic,4900,31,-1121.6780933725104,6021.67809337251
2007,Hispanic,6832.28860594189,32,0,6832.28860594189
2010,Hispanic,5195.04518541602,32,-1637.2434205258696,6832.28860594189
2013,Hispanic,4743.08139534884,32,-2089.20721059305,6832.28860594189
2016,Hispanic,5480,32,-1352.2886059418897,6832.28860594189
2007,Hispanic,7411.29611492001,33,0,7411.29611492001
2010,Hispanic,5637.17669055781,33,-1774.1194243622003,7411.29611492001
2013,Hispanic,5155.52325581395,33,-2255.7728591060604,7411.29611492001
2016,Hispanic,6200,33,-1211.29611492001,7411.29611492001
2007,Hispanic,8372.4485798237,34,0,8372.4485798237
2010,Hispanic,5902.45559364288,34,-2469.9929861808205,8372.4485798237
2013,Hispanic,5361.74418604651,34,-3010.7043937771905,8372.4485798237
2016,Hispanic,6430,34,-1942.4485798237001,8372.4485798237
2007,Hispanic,8557.7309826967,35,0,8557.7309826967
2010,Hispanic,6189.84107198504,35,-2367.8899107116595,8557.7309826967
2013,Hispanic,5722.63081395349,35,-2835.100168743209,8557.7309826967
2016,Hispanic,7015,35,-1542.7309826966994,8557.7309826967
2007,Hispanic,8800.91413646752,36,0,8800.91413646752
2010,Hispanic,6421.96011218448,36,-2378.95402428304,8800.91413646752
2013,Hispanic,6289.73837209302,36,-2511.1757643744995,8800.91413646752
2016,Hispanic,7900,36,-900.9141364675197,8800.91413646752
2007,Hispanic,9148.31864185439,37,0,9148.31864185439
2010,Hispanic,7306.22312246806,37,-1842.0955193863301,9148.31864185439
2013,Hispanic,6805.29069767442,37,-2343.0279441799703,9148.31864185439
2016,Hispanic,9e3,37,-148.31864185439008,9148.31864185439
2007,Hispanic,10885.3411687888,38,0,10885.3411687888
2010,Hispanic,7737.301339981299,38,-3148.039828807501,10885.3411687888
2013,Hispanic,7423.95348837209,38,-3461.3876804167103,10885.3411687888
2016,Hispanic,10060,38,-825.3411687888001,10885.3411687888
2007,Hispanic,11985.4554358472,39,0,11985.4554358472
2010,Hispanic,8422.60517295107,39,-3562.8502628961305,11985.4554358472
2013,Hispanic,7733.28488372093,39,-4252.170552126269,11985.4554358472
2016,Hispanic,10800,39,-1185.4554358471996,11985.4554358472
2007,Hispanic,13085.5697029056,40,0,13085.5697029056
2010,Hispanic,9141.06886880648,40,-3944.500834099119,13085.5697029056
2013,Hispanic,8362.25872093023,40,-4723.31098197537,13085.5697029056
2016,Hispanic,12040,40,-1045.5697029055991,13085.5697029056
2007,Hispanic,14127.7832190663,41,0,14127.7832190663
2010,Hispanic,9859.53256466189,41,-4268.25065440441,14127.7832190663
2013,Hispanic,8805.63372093023,41,-5322.14949813607,14127.7832190663
2016,Hispanic,12900,41,-1227.7832190662994,14127.7832190663
2007,Hispanic,14938.3937316357,42,0,14938.3937316357
2010,Hispanic,10500.6232471175,42,-4437.7704845182,14938.3937316357
2013,Hispanic,8949.98837209302,42,-5988.405359542681,14938.3937316357
2016,Hispanic,13700,42,-1238.3937316357005,14938.3937316357
2007,Hispanic,16443.8132549788,43,0,16443.8132549788
2010,Hispanic,10887.4883141165,43,-5556.3249408623,16443.8132549788
2013,Hispanic,9383.0523255814,43,-7060.760929397398,16443.8132549788
2016,Hispanic,14120,43,-2323.813254978799,16443.8132549788
2007,Hispanic,18597.7211883774,44,0,18597.7211883774
2010,Hispanic,11495.4191336865,44,-7102.302054690899,18597.7211883774
2013,Hispanic,9898.60465116279,44,-8699.11653721461,18597.7211883774
2016,Hispanic,15670,44,-2927.7211883774,18597.7211883774
2007,Hispanic,19107.2477962782,45,0,19107.2477962782
2010,Hispanic,12689.1741975693,45,-6418.073598708899,19107.2477962782
2013,Hispanic,10517.2674418605,45,-8589.9803544177,19107.2477962782
2016,Hispanic,16100,45,-3007.2477962781995,19107.2477962782
2007,Hispanic,20925.3313744695,46,0,20925.3313744695
2010,Hispanic,13098.1458398255,46,-7827.185534644001,20925.3313744695
2013,Hispanic,10898.7761627907,46,-10026.5552116788,20925.3313744695
2016,Hispanic,16800,46,-4125.331374469501,20925.3313744695
2007,Hispanic,21886.4838393732,47,0,21886.4838393732
2010,Hispanic,13916.0891243378,47,-7970.3947150354,21886.4838393732
2013,Hispanic,11527.75,47,-10358.733839373199,21886.4838393732
2016,Hispanic,17500,47,-4386.483839373199,21886.4838393732
2007,Hispanic,22870.796604636,48,0,22870.796604636
2010,Hispanic,14700.8725459645,48,-8169.924058671502,22870.796604636
2013,Hispanic,12445.4331395349,48,-10425.363465101102,22870.796604636
2016,Hispanic,18400,48,-4470.796604636002,22870.796604636
2007,Hispanic,24005.651322233105,49,0,24005.651322233105
2010,Hispanic,15673.5618572764,49,-8332.089464956705,24005.651322233105
2013,Hispanic,13620.892441860498,49,-10384.758880372607,24005.651322233105
2016,Hispanic,19200,49,-4805.651322233105,24005.651322233105
2007,Hispanic,24329.8955272609,50,0,24329.8955272609
2010,Hispanic,16579.9314428171,50,-7749.9640844438,24329.8955272609
2013,Hispanic,14157.0668604651,50,-10172.828666795798,24329.8955272609
2016,Hispanic,21430,50,-2899.8955272608982,24329.8955272609
2007,Hispanic,26286.9409076069,51,0,26286.9409076069
2010,Hispanic,17795.793081957,51,-8491.1478256499,26286.9409076069
2013,Hispanic,15208.7936046512,51,-11078.147302955698,26286.9409076069
2016,Hispanic,22480,51,-3806.9409076068987,26286.9409076069
2007,Hispanic,29320.9402546523,52,0,29320.9402546523
2010,Hispanic,19068.0264880025,52,-10252.913766649803,29320.9402546523
2013,Hispanic,15982.1220930233,52,-13338.818161629002,29320.9402546523
2016,Hispanic,24340,52,-4980.9402546523015,29320.9402546523
2007,Hispanic,31382.2069866144,53,0,31382.2069866144
2010,Hispanic,20448.5821128077,53,-10933.6248738067,31382.2069866144
2013,Hispanic,16941.0494186047,53,-14441.157568009701,31382.2069866144
2016,Hispanic,26600,53,-4782.206986614401,31382.2069866144
2007,Hispanic,32192.817499183795,54,0,32192.817499183795
2010,Hispanic,21001.246494235005,54,-11191.57100494879,32192.817499183795
2013,Hispanic,18405.2180232558,54,-13787.599475927997,32192.817499183795
2016,Hispanic,28400,54,-3792.817499183795,32192.817499183795
2007,Hispanic,35898.4655566438,55,0,35898.4655566438
2010,Hispanic,22327.6410096603,55,-13570.824546983502,35898.4655566438
2013,Hispanic,19436.3226744186,55,-16462.142882225202,35898.4655566438
2016,Hispanic,30100,55,-5798.465556643801,35898.4655566438
2007,Hispanic,39719.9151158994,56,0,39719.9151158994
2010,Hispanic,24704.0978497974,56,-15015.817266102,39719.9151158994
2013,Hispanic,20529.2936046512,56,-19190.6215112482,39719.9151158994
2016,Hispanic,32980,56,-6739.915115899399,39719.9151158994
2007,Hispanic,44120.3721841332,57,0,44120.3721841332
2010,Hispanic,27135.8211280773,57,-16984.5510560559,44120.3721841332
2013,Hispanic,22643.0581395349,57,-21477.3140445983,44120.3721841332
2016,Hispanic,36770,57,-7350.372184133201,44120.3721841332
2007,Hispanic,49099.8367613451,58,0,49099.8367613451
2010,Hispanic,28406.9492053599,58,-20692.8875559852,49099.8367613451
2013,Hispanic,23819.5485465116,58,-25280.288214833497,49099.8367613451
2016,Hispanic,38950,58,-10149.836761345097,49099.8367613451
2007,Hispanic,53847.6983349657,59,0,53847.6983349657
2010,Hispanic,30728.1396073543,59,-23119.558727611402,53847.6983349657
2013,Hispanic,25375.4854651163,59,-28472.2128698494,53847.6983349657
2016,Hispanic,43200,59,-10647.698334965702,53847.6983349657
2007,Hispanic,58931.3842637937,60,0,58931.3842637937
2010,Hispanic,34044.1258959177,60,-24887.258367876,58931.3842637937
2013,Hispanic,28200.7122093023,60,-30730.6720544914,58931.3842637937
2016,Hispanic,47340,60,-11591.384263793698,58931.3842637937
2007,Hispanic,62440.1697682011,61,0,62440.1697682011
2010,Hispanic,37105.8865690246,61,-25334.283199176498,62440.1697682011
2013,Hispanic,29592.7034883721,61,-32847.466279829,62440.1697682011
2016,Hispanic,51700,61,-10740.1697682011,62440.1697682011
2007,Hispanic,66701.6650342801,62,0,66701.6650342801
2010,Hispanic,39404.9703957619,62,-27296.694638518202,66701.6650342801
2013,Hispanic,31252.7819767442,62,-35448.8830575359,66701.6650342801
2016,Hispanic,56890,62,-9811.6650342801,66701.6650342801
2007,Hispanic,72954.9461312439,63,0,72954.9461312439
2010,Hispanic,42113.0258647554,63,-30841.920266488494,72954.9461312439
2013,Hispanic,34748.226744186,63,-38206.71938705789,72954.9461312439
2016,Hispanic,60900,63,-12054.946131243894,72954.9461312439
2007,Hispanic,81790.6007182501,64,0,81790.6007182501
2010,Hispanic,45207.9464007479,64,-36582.65431750221,81790.6007182501
2013,Hispanic,38212.738372093,64,-43577.862346157104,81790.6007182501
2016,Hispanic,63700,64,-18090.600718250105,81790.6007182501
2007,Hispanic,84187.6918054195,65,0,84187.6918054195
2010,Hispanic,46810.6731068869,65,-37377.0186985326,84187.6918054195
2013,Hispanic,41656.6279069767,65,-42531.0638984428,84187.6918054195
2016,Hispanic,67020,65,-17167.691805419498,84187.6918054195
2007,Hispanic,86040.5158341495,66,0,86040.5158341495
2010,Hispanic,49839.2739171081,66,-36201.2419170414,86040.5158341495
2013,Hispanic,44471.5436046512,66,-41568.9722294983,86040.5158341495
2016,Hispanic,70100,66,-15940.515834149497,86040.5158341495
2007,Hispanic,95976.2846882142,67,0,95976.2846882142
2010,Hispanic,56813.8984107198,67,-39162.38627749441,95976.2846882142
2013,Hispanic,48358.8081395349,67,-47617.476548679304,95976.2846882142
2016,Hispanic,74080,67,-21896.284688214204,95976.2846882142
2007,Hispanic,106884.786157362,68,0,106884.786157362
2010,Hispanic,60903.614833281405,68,-45981.1713240806,106884.786157362
2013,Hispanic,51761.4534883721,68,-55123.332668989904,106884.786157362
2016,Hispanic,78420,68,-28464.786157362003,106884.786157362
2007,Hispanic,111980.05223637,69,0,111980.05223637
2010,Hispanic,63854.842630102794,69,-48125.209606267206,111980.05223637
2013,Hispanic,55834.3168604651,69,-56145.7353759049,111980.05223637
2016,Hispanic,81900,69,-30080.05223637,111980.05223637
2007,Hispanic,116843.715311786,70,0,116843.715311786
2010,Hispanic,67480.3209722655,70,-49363.3943395205,116843.715311786
2013,Hispanic,60525.8430232558,70,-56317.8722885302,116843.715311786
2016,Hispanic,84900,70,-31943.715311786,116843.715311786
2007,Hispanic,131330.483186419,71,0,131330.483186419
2010,Hispanic,74609.6914926769,71,-56720.79169374211,131330.483186419
2013,Hispanic,65784.476744186,71,-65546.006442233,131330.483186419
2016,Hispanic,91005,71,-40325.483186419006,131330.483186419
2007,Hispanic,137444.802481228,72,0,137444.802481228
2010,Hispanic,78920.4736678093,72,-58524.32881341869,137444.802481228
2013,Hispanic,71043.1104651163,72,-66401.69201611169,137444.802481228
2016,Hispanic,94480,72,-42964.80248122799,137444.802481228
2007,Hispanic,149152.334312765,73,0,149152.334312765
2010,Hispanic,83673.3873480835,73,-65478.94696468148,149152.334312765
2013,Hispanic,74827.2645348837,73,-74325.06977788129,149152.334312765
2016,Hispanic,101200,73,-47952.334312764986,149152.334312765
2007,Hispanic,158358.553705517,74,0,158358.553705517
2010,Hispanic,90139.5606107822,74,-68218.9930947348,158358.553705517
2013,Hispanic,82663.6598837209,74,-75694.8938217961,158358.553705517
2016,Hispanic,105530,74,-52828.553705517,158358.553705517
2007,Hispanic,175219.25236696,75,0,175219.25236696
2010,Hispanic,98573.2190713618,75,-76646.03329559819,175219.25236696
2013,Hispanic,88932.7761627907,75,-86286.47620416929,175219.25236696
2016,Hispanic,108e3,75,-67219.25236695999,175219.25236696
2007,Hispanic,180766.144302971,76,0,180766.144302971
2010,Hispanic,101701.29947024,76,-79064.84483273099,180766.144302971
2013,Hispanic,93057.1947674419,76,-87708.94953552909,180766.144302971
2016,Hispanic,112150,76,-68616.14430297099,180766.144302971
2007,Hispanic,191651.48547176,77,0,191651.48547176
2010,Hispanic,103569.30507946401,77,-88082.180392296,191651.48547176
2013,Hispanic,98779.8255813953,77,-92871.65989036471,191651.48547176
2016,Hispanic,119720,77,-71931.48547176001,191651.48547176
2007,Hispanic,201957.81913157,78,0,201957.81913157
2010,Hispanic,108322.218759738,78,-93635.600371832,201957.81913157
2013,Hispanic,102079.360465116,78,-99878.458666454,201957.81913157
2016,Hispanic,128960,78,-72997.81913157,201957.81913157
2007,Hispanic,210295.527260855,79,0,210295.527260855
2010,Hispanic,112634.10626363402,79,-97661.42099722096,210295.527260855
2013,Hispanic,108286.610465116,79,-102008.91679573899,210295.527260855
2016,Hispanic,133300,79,-76995.52726085499,210295.527260855
2007,Hispanic,224597.012732615,80,0,224597.012732615
2010,Hispanic,119154.440635712,80,-105442.572096903,224597.012732615
2013,Hispanic,120072.136627907,80,-104524.87610470799,224597.012732615
2016,Hispanic,138890,80,-85707.012732615,224597.012732615
2007,Hispanic,230444.988573294,81,0,230444.988573294
2010,Hispanic,128650.320037395,81,-101794.66853589899,230444.988573294
2013,Hispanic,131568.953488372,81,-98876.03508492198,230444.988573294
2016,Hispanic,145500,81,-84944.98857329399,230444.988573294
2007,Hispanic,249610.13712047,82,0,249610.13712047
2010,Hispanic,135181.707697102,82,-114428.42942336798,249610.13712047
2013,Hispanic,145179.534883721,82,-104430.602236749,249610.13712047
2016,Hispanic,154520,82,-95090.13712047,249610.13712047
2007,Hispanic,272828.338230493,83,0,272828.338230493
2010,Hispanic,144355.936428794,83,-128472.40180169902,272828.338230493
2013,Hispanic,156831.01744186,83,-115997.32078863302,272828.338230493
2016,Hispanic,159900,83,-112928.33823049301,272828.338230493
2007,Hispanic,305820.186092067,84,0,305820.186092067
2010,Hispanic,155895.568712995,84,-149924.61737907198,305820.186092067
2013,Hispanic,173256.514534884,84,-132563.671557183,305820.186092067
2016,Hispanic,17e4,84,-135820.186092067,305820.186092067
2007,Hispanic,336634.965719882,85,0,336634.965719882
2010,Hispanic,164616.612651916,85,-172018.353067966,336634.965719882
2013,Hispanic,180958.86627907,85,-155676.099440812,336634.965719882
2016,Hispanic,187e3,85,-149634.965719882,336634.965719882
2007,Hispanic,358648.831211231,86,0,358648.831211231
2010,Hispanic,169115.300716734,86,-189533.530494497,358648.831211231
2013,Hispanic,199724.970930233,86,-158923.86028099802,358648.831211231
2016,Hispanic,201e3,86,-157648.831211231,358648.831211231
2007,Hispanic,369985.798237023,87,0,369985.798237023
2010,Hispanic,178223.209722655,87,-191762.588514368,369985.798237023
2013,Hispanic,206839.593023256,87,-163146.205213767,369985.798237023
2016,Hispanic,220950,87,-149035.798237023,369985.798237023
2007,Hispanic,392103.885079987,88,0,392103.885079987
2010,Hispanic,184589.903396697,88,-207513.98168329,392103.885079987
2013,Hispanic,224533.348837209,88,-167570.536242778,392103.885079987
2016,Hispanic,242900,88,-149203.885079987,392103.885079987
2007,Hispanic,440740.51583415,89,0,440740.51583415
2010,Hispanic,205259.551262075,89,-235480.96457207503,440740.51583415
2013,Hispanic,243443.808139535,89,-197296.70769461503,440740.51583415
2016,Hispanic,261200,89,-179540.51583415002,440740.51583415
2007,Hispanic,540445.608880183,90,0,540445.608880183
2010,Hispanic,225619.707073855,90,-314825.901806328,540445.608880183
2013,Hispanic,260972.587209302,90,-279473.02167088096,540445.608880183
2016,Hispanic,301e3,90,-239445.60888018296,540445.608880183
2007,Hispanic,571480.41136141,91,0,571480.41136141
2010,Hispanic,248146.307260829,91,-323334.104100581,571480.41136141
2013,Hispanic,294895.930232558,91,-276584.48112885206,571480.41136141
2016,Hispanic,331e3,91,-240480.41136141005,571480.41136141
2007,Hispanic,654394.286647078,92,0,654394.286647078
2010,Hispanic,281306.170146463,92,-373088.116500615,654394.286647078
2013,Hispanic,318559.781976744,92,-335834.504670334,654394.286647078
2016,Hispanic,368110,92,-286284.286647078,654394.286647078
2007,Hispanic,676813.457394711,93,0,676813.457394711
2010,Hispanic,322534.933000935,93,-354278.52439377597,676813.457394711
2013,Hispanic,332118.808139535,93,-344694.64925517596,676813.457394711
2016,Hispanic,422420,93,-254393.45739471097,676813.457394711
2007,Hispanic,731981.292850147,94,0,731981.292850147
2010,Hispanic,370064.069803677,94,-361917.22304647,731981.292850147
2013,Hispanic,359803.968023256,94,-372177.324826891,731981.292850147
2016,Hispanic,493600,94,-238381.292850147,731981.292850147
2007,Hispanic,879512.406137773,95,0,879512.406137773
2010,Hispanic,426281.090682456,95,-453231.315455317,879512.406137773
2013,Hispanic,391407.325581395,95,-488105.08055637794,879512.406137773
2016,Hispanic,580240,95,-299272.40613777295,879512.406137773
2007,Hispanic,949097.528566765,96,0,949097.528566765
2010,Hispanic,499840.719850421,96,-449256.808716344,949097.528566765
2013,Hispanic,444302.994186047,96,-504794.534380718,949097.528566765
2016,Hispanic,705960,96,-243137.52856676502,949097.528566765
2007,Hispanic,1159369.89552726,97,0,1159369.89552726
2010,Hispanic,581811.900903708,97,-577557.994623552,1159369.89552726
2013,Hispanic,495858.226744186,97,-663511.6687830739,1159369.89552726
2016,Hispanic,817500,97,-341869.8955272599,1159369.89552726
2007,Hispanic,1355641.86092067,98,0,1355641.86092067
2010,Hispanic,881389.155500156,98,-474252.705420514,1355641.86092067
2013,Hispanic,742910.901162791,98,-612730.959757879,1355641.86092067
2016,Hispanic,1275200,98,-80441.86092066998,1355641.86092067
2007,Hispanic,2252339.20992491,99,0,2252339.20992491
2010,Hispanic,1299756.09224057,99,-952583.1176843401,2252339.20992491
2013,Hispanic,1154115.43604651,99,-1098223.7738784002,2252339.20992491
2016,Hispanic,2550500,99,298160.7900750898,2252339.20992491
2007,Hispanic,98116041.6780934,100,0,98116041.6780934
2010,Hispanic,94785257.40105948,100,-3330784.277033925,98116041.6780934
2013,Hispanic,90943842.6744186,100,-7172199.003674805,98116041.6780934
2016,Hispanic,8613e4,100,-11986041.678093404,98116041.6780934
2007,Other,-14243.5847208619,1,0,-14243.5847208619
2010,Other,-226802.40885010903,1,-212558.82412924714,-14243.5847208619
2013,Other,-59649.4040697674,1,-45405.8193489055,-14243.5847208619
2016,Other,-16e4,1,-145756.4152791381,-14243.5847208619
2007,Other,-9669.4253999347,2,0,-9669.4253999347
2010,Other,-104619.367404176,2,-94949.9420042413,-9669.4253999347
2013,Other,-40831.744186046504,2,-31162.318786111806,-9669.4253999347
2016,Other,-71420,2,-61750.5746000653,-9669.4253999347
2007,Other,-7758.70062030689,3,0,-7758.70062030689
2010,Other,-46865.9395450296,3,-39107.23892472271,-7758.70062030689
2013,Other,-33200.5386627907,3,-25441.83804248381,-7758.70062030689
2016,Other,-63800,3,-56041.29937969311,-7758.70062030689
2007,Other,-1875.98432908913,4,0,-1875.98432908913
2010,Other,-37017.4602679963,4,-35141.47593890717,-1875.98432908913
2013,Other,-23478.2529069767,4,-21602.26857788757,-1875.98432908913
2016,Other,-45e3,4,-43124.01567091087,-1875.98432908913
2007,Other,11.5801501795625,5,0,11.5801501795625
2010,Other,-27633.2190713618,5,-27644.79922154136,11.5801501795625
2013,Other,-17838.1104651163,5,-17849.69061529586,11.5801501795625
2016,Other,-33500,5,-33511.580150179565,11.5801501795625
2007,Other,57.9007508978126,6,0,57.9007508978126
2010,Other,-17121.5425366158,6,-17179.443287513615,57.9007508978126
2013,Other,-10290.4244186047,6,-10348.325169502512,57.9007508978126
2016,Other,-17800,6,-17857.900750897814,57.9007508978126
2007,Other,115.801501795625,7,0,115.801501795625
2010,Other,-10533.7831100031,7,-10649.584611798726,115.801501795625
2013,Other,-7228.04360465116,7,-7343.845106446785,115.801501795625
2016,Other,-13770,7,-13885.801501795626,115.801501795625
2007,Other,127.381651975188,8,0,127.381651975188
2010,Other,-5858.2424431287,8,-5985.624095103888,127.381651975188
2013,Other,-3093.3139534883703,8,-3220.6956054635584,127.381651975188
2016,Other,-6440,8,-6567.381651975188,127.381651975188
2007,Other,358.984655566438,9,0,358.984655566438
2010,Other,0,9,-358.984655566438,358.984655566438
2013,Other,-2062.20930232558,9,-2421.1939578920183,358.984655566438
2016,Other,-5300,9,-5658.984655566438,358.984655566438
2007,Other,1158.01501795625,10,0,1158.01501795625
2010,Other,0,10,-1158.01501795625,1158.01501795625
2013,Other,-824.883720930233,10,-1982.898738886483,1158.01501795625
2016,Other,-3160,10,-4318.01501795625,1158.01501795625
2007,Other,3033.99934704538,11,0,3033.99934704538
2010,Other,243.172327827984,11,-2790.827019217396,3033.99934704538
2013,Other,-721.773255813953,11,-3755.7726028593333,3033.99934704538
2016,Other,-370,11,-3403.99934704538,3033.99934704538
2007,Other,5118.42637936663,12,0,5118.42637936663
2010,Other,552.664381427236,12,-4565.761997939394,5118.42637936663
2013,Other,1.03110465116279,12,-5117.395274715467,5118.42637936663
2016,Other,0,12,-5118.42637936663,5118.42637936663
2007,Other,6114.31929480901,13,0,6114.31929480901
2010,Other,994.795886569025,13,-5119.523408239985,6114.31929480901
2013,Other,412.441860465116,13,-5701.877434343894,6114.31929480901
2016,Other,240,13,-5874.31929480901,6114.31929480901
2007,Other,7874.50212210251,14,0,7874.50212210251
2010,Other,1547.46026799626,14,-6327.04185410625,7874.50212210251
2013,Other,2887.09302325581,14,-4987.4090988467,7874.50212210251
2016,Other,420,14,-7454.50212210251,7874.50212210251
2007,Other,9843.12765262814,15,0,9843.12765262814
2010,Other,2431.72327827984,15,-7411.4043743483,9843.12765262814
2013,Other,4134.72965116279,15,-5708.39800146535,9843.12765262814
2016,Other,1600,15,-8243.12765262814,9843.12765262814
2007,Other,11707.5318315377,16,0,11707.5318315377
2010,Other,3360.19943907759,16,-8347.33239246011,11707.5318315377
2013,Other,5258.63372093023,16,-6448.898110607471,11707.5318315377
2016,Other,2e3,16,-9707.5318315377,11707.5318315377
2007,Other,12738.1651975188,17,0,12738.1651975188
2010,Other,5416.11093798691,17,-7322.054259531889,12738.1651975188
2013,Other,5671.075581395351,17,-7067.089616123449,12738.1651975188
2016,Other,3500,17,-9238.1651975188,12738.1651975188
2007,Other,13780.378713679398,18,0,13780.378713679398
2010,Other,5836.13586787161,18,-7944.242845807788,13780.378713679398
2013,Other,6289.73837209302,18,-7490.640341586378,13780.378713679398
2016,Other,4310,18,-9470.378713679398,13780.378713679398
2007,Other,13954.0809663728,19,0,13954.0809663728
2010,Other,6698.2923028981,19,-7255.788663474699,13954.0809663728
2013,Other,7805.46220930233,19,-6148.61875707047,13954.0809663728
2016,Other,5200,19,-8754.0809663728,13954.0809663728
2007,Other,15691.1034933072,20,0,15691.1034933072
2010,Other,6853.038329697729,20,-8838.065163609472,15691.1034933072
2013,Other,8145.72674418605,20,-7545.37674912115,15691.1034933072
2016,Other,6020,20,-9671.1034933072,15691.1034933072
2007,Other,16328.0117531832,21,0,16328.0117531832
2010,Other,7262.00997195388,21,-9066.001781229319,16328.0117531832
2013,Other,8846.87790697674,21,-7481.13384620646,16328.0117531832
2016,Other,6600,21,-9728.0117531832,16328.0117531832
2007,Other,20867.4306235717,22,0,20867.4306235717
2010,Other,7847.83421626675,22,-13019.59640730495,20867.4306235717
2013,Other,10001.7151162791,22,-10865.715507292602,20867.4306235717
2016,Other,7870,22,-12997.430623571701,20867.4306235717
2007,Other,22118.0868429644,23,0,22118.0868429644
2010,Other,9505.82736054846,23,-12612.25948241594,22118.0868429644
2013,Other,10929.7093023256,23,-11188.3775406388,22118.0868429644
2016,Other,9e3,23,-13118.0868429644,22118.0868429644
2007,Other,24202.5138752857,24,0,24202.5138752857
2010,Other,10721.6889996884,24,-13480.824875597298,24202.5138752857
2013,Other,11135.9302325581,24,-13066.583642727599,24202.5138752857
2016,Other,10451,24,-13751.513875285698,24202.5138752857
2007,Other,26930.7972575906,25,0,26930.7972575906
2010,Other,11340.6731068869,25,-15590.1241507037,26930.7972575906
2013,Other,11754.5930232558,25,-15176.204234334798,26930.7972575906
2016,Other,11002,25,-15928.797257590599,26930.7972575906
2007,Other,28023.9634345413,26,0,28023.9634345413
2010,Other,13263.9451542537,26,-14760.018280287599,28023.9634345413
2013,Other,14332.3546511628,26,-13691.6087833785,28023.9634345413
2016,Other,13250,26,-14773.9634345413,28023.9634345413
2007,Other,31845.4129937969,27,0,31845.4129937969
2010,Other,14369.273917108098,27,-17476.139076688803,31845.4129937969
2013,Other,15363.459302325602,27,-16481.9536914713,31845.4129937969
2016,Other,15e3,27,-16845.4129937969,31845.4129937969
2007,Other,34508.8475350963,28,0,34508.8475350963
2010,Other,15308.8033655344,28,-19200.044169561897,34508.8475350963
2013,Other,16188.3430232558,28,-18320.504511840496,34508.8475350963
2016,Other,15900,28,-18608.847535096298,34508.8475350963
2007,Other,36581.694417238,29,0,36581.694417238
2010,Other,16248.3328139607,29,-20333.361603277302,36581.694417238
2013,Other,19384.7674418605,29,-17196.926975377504,36581.694417238
2016,Other,17600,29,-18981.694417238003,36581.694417238
2007,Other,42383.3496571988,30,0,42383.3496571988
2010,Other,16834.1570582736,30,-25549.1925989252,42383.3496571988
2013,Other,20797.3808139535,30,-21585.9688432453,42383.3496571988
2016,Other,19600,30,-22783.3496571988,42383.3496571988
2007,Other,51589.569049951,31,0,51589.569049951
2010,Other,17574.7273293861,31,-34014.8417205649,51589.569049951
2013,Other,22271.8604651163,31,-29317.7085848347,51589.569049951
2016,Other,21e3,31,-30589.569049951002,51589.569049951
2007,Other,57379.6441397323,32,0,57379.6441397323
2010,Other,18757.4291056404,32,-38622.2150340919,57379.6441397323
2013,Other,22581.1918604651,32,-34798.4522792672,57379.6441397323
2016,Other,23050,32,-34329.6441397323,57379.6441397323
2007,Other,60100.9794319295,33,0,60100.9794319295
2010,Other,20448.5821128077,33,-39652.3973191218,60100.9794319295
2013,Other,24179.4040697674,33,-35921.575362162104,60100.9794319295
2016,Other,26800,33,-33300.9794319295,60100.9794319295
2007,Other,64003.490042442,34,0,64003.490042442
2010,Other,24903.0570271112,34,-39100.4330153308,64003.490042442
2013,Other,26499.3895348837,34,-37504.100507558294,64003.490042442
2016,Other,3e4,34,-34003.490042442,64003.490042442
2007,Other,72815.9843290891,35,0,72815.9843290891
2010,Other,28185.883452789,35,-44630.1008763001,72815.9843290891
2013,Other,28974.0406976744,35,-43841.9436314147,72815.9843290891
2016,Other,35910,35,-36905.9843290891,72815.9843290891
2007,Other,88738.6908259876,36,0,88738.6908259876
2010,Other,30274.954814584,36,-58463.736011403606,88738.6908259876
2013,Other,30933.139534883696,36,-57805.55129110391,88738.6908259876
2016,Other,40700,36,-48038.69082598761,88738.6908259876
2007,Other,99126.0855370552,37,0,99126.0855370552
2010,Other,36088.9841071985,37,-63037.1014298567,99126.0855370552
2013,Other,32087.976744186,37,-67038.1087928692,99126.0855370552
2016,Other,42200,37,-56926.0855370552,99126.0855370552
2007,Other,112906.464250735,38,0,112906.464250735
2010,Other,39692.3558741041,38,-73214.1083766309,112906.464250735
2013,Other,34232.6744186046,38,-78673.78983213041,112906.464250735
2016,Other,44800,38,-68106.464250735,112906.464250735
2007,Other,118464.936336925,39,0,118464.936336925
2010,Other,43362.0473667809,39,-75102.88897014411,118464.936336925
2013,Other,37016.6569767442,39,-81448.27936018081,118464.936336925
2016,Other,50020,39,-68444.936336925,118464.936336925
2007,Other,121591.576885406,40,0,121591.576885406
2010,Other,45760.6107821751,40,-75830.9661032309,121591.576885406
2013,Other,44956.1627906977,40,-76635.4140947083,121591.576885406
2016,Other,51500,40,-70091.576885406,121591.576885406
2007,Other,124949.82043748,41,0,124949.82043748
2010,Other,48523.9326893113,41,-76425.8877481687,124949.82043748
2013,Other,46193.488372093,41,-78756.33206538699,124949.82043748
2016,Other,54300,41,-70649.82043748,124949.82043748
2007,Other,127497.453476983,42,0,127497.453476983
2010,Other,50845.1230913057,42,-76652.33038567731,127497.453476983
2013,Other,47040.0252906977,42,-80457.42818628531,127497.453476983
2016,Other,56100,42,-71397.453476983,127497.453476983
2007,Other,130392.491021874,43,0,130392.491021874
2010,Other,54713.7737612964,43,-75678.7172605776,130392.491021874
2013,Other,57330.4497093023,43,-73062.0413125717,130392.491021874
2016,Other,58e3,43,-72392.491021874,130392.491021874
2007,Other,133287.528566765,44,0,133287.528566765
2010,Other,57698.1614210034,44,-75589.36714576159,133287.528566765
2013,Other,62454.0087209302,44,-70833.51984583479,133287.528566765
2016,Other,63580,44,-69707.52856676499,133287.528566765
2007,Other,141162.030688867,45,0,141162.030688867
2010,Other,62948.4730445622,45,-78213.5576443048,141162.030688867
2013,Other,64371.863372093,45,-76790.167316774,141162.030688867
2016,Other,67640,45,-73522.030688867,141162.030688867
2007,Other,141393.633692458,46,0,141393.633692458
2010,Other,64551.1997507012,46,-76842.43394175681,141393.633692458
2013,Other,68248.8168604651,46,-73144.81683199291,141393.633692458
2016,Other,73e3,46,-68393.63369245801,141393.633692458
2007,Other,143593.862226575,47,0,143593.862226575
2010,Other,66098.6600186974,47,-77495.2022078776,143593.862226575
2013,Other,70940,47,-72653.862226575,143593.862226575
2016,Other,82510,47,-61083.862226575,143593.862226575
2007,Other,174397.061704212,48,0,174397.061704212
2010,Other,67756.6531629791,48,-106640.40854123292,174397.061704212
2013,Other,75074.7296511628,48,-99322.33205304922,174397.061704212
2016,Other,88e3,48,-86397.06170421201,174397.061704212
2007,Other,175091.870714985,49,0,175091.870714985
2010,Other,70077.8435649735,49,-105014.0271500115,175091.870714985
2013,Other,90170.101744186,49,-84921.768970799,175091.870714985
2016,Other,93800,49,-81291.87071498501,175091.870714985
2007,Other,180650.342801175,50,0,180650.342801175
2010,Other,75383.421626675,50,-105266.92117449999,180650.342801175
2013,Other,94407.9418604651,50,-86242.4009407099,180650.342801175
2016,Other,102e3,50,-78650.342801175,180650.342801175
2007,Other,184124.387855044,51,0,184124.387855044
2010,Other,84004.9859769399,51,-100119.40187810411,184124.387855044
2013,Other,99707.8197674419,51,-84416.5680876021,184124.387855044
2016,Other,116400,51,-67724.38785504401,184124.387855044
2007,Other,200799.804113614,52,0,200799.804113614
2010,Other,96163.6023683391,52,-104636.2017452749,200799.804113614
2013,Other,100842.034883721,52,-99957.76922989299,200799.804113614
2016,Other,120401,52,-80398.804113614,200799.804113614
2007,Other,207400.489715965,53,0,207400.489715965
2010,Other,103900.90370832,53,-103499.586007645,207400.489715965
2013,Other,104306.546511628,53,-103093.943204337,207400.489715965
2016,Other,131890,53,-75510.489715965,207400.489715965
2007,Other,209484.916748286,54,0,209484.916748286
2010,Other,107593.80710501701,54,-101891.10964326898,209484.916748286
2013,Other,122701.453488372,54,-86783.46325991399,209484.916748286
2016,Other,147030,54,-62454.91674828599,209484.916748286
2007,Other,215390.793339863,55,0,215390.793339863
2010,Other,111638.205048302,55,-103752.58829156101,215390.793339863
2013,Other,130640.959302326,55,-84749.83403753702,215390.793339863
2016,Other,153160,55,-62230.79333986301,215390.793339863
2007,Other,226507.737512243,56,0,226507.737512243
2010,Other,115186.310377065,56,-111321.427135178,226507.737512243
2013,Other,163326.976744186,56,-63180.76076805702,226507.737512243
2016,Other,170800,56,-55707.73751224301,226507.737512243
2007,Other,241214.528240287,57,0,241214.528240287
2010,Other,123774.71486444402,57,-117439.81337584299,241214.528240287
2013,Other,170133.298546512,57,-71081.229693775,241214.528240287
2016,Other,180180,57,-61034.52824028701,241214.528240287
2007,Other,248278.41984982,58,0,248278.41984982
2010,Other,129765.596759115,58,-118512.823090705,248278.41984982
2013,Other,178535.77034883702,58,-69742.64950098298,248278.41984982
2016,Other,188600,58,-59678.41984982,248278.41984982
2007,Other,250131.24387855,59,0,250131.24387855
2010,Other,137900.816453724,59,-112230.42742482602,250131.24387855
2013,Other,183247.918604651,59,-66883.32527389901,250131.24387855
2016,Other,206e3,59,-44131.24387855001,250131.24387855
2007,Other,254415.899444989,60,0,254415.899444989
2010,Other,148843.571205983,60,-105572.32823900599,254415.899444989
2013,Other,190176.941860465,60,-64238.957584523974,254415.899444989
2016,Other,245200,60,-9215.899444988987,254415.899444989
2007,Other,272480.933725106,61,0,272480.933725106
2010,Other,165058.744157058,61,-107422.189568048,272480.933725106
2013,Other,208592.47093023296,61,-63888.46279487305,272480.933725106
2016,Other,260450,61,-12030.933725106006,272480.933725106
2007,Other,285334.90042442,62,0,285334.90042442
2010,Other,170474.855095045,62,-114860.04532937502,285334.90042442
2013,Other,228286.569767442,62,-57048.33065697801,285334.90042442
2016,Other,273840,62,-11494.900424420019,285334.90042442
2007,Other,306248.65164871,63,0,306248.65164871
2010,Other,177239.467123715,63,-129009.18452499501,306248.65164871
2013,Other,232307.877906977,63,-73940.77374173302,306248.65164871
2016,Other,297e3,63,-9248.651648710016,306248.65164871
2007,Other,313451.505060398,64,0,313451.505060398
2010,Other,191000.810221253,64,-122450.69483914503,313451.505060398
2013,Other,234215.421511628,64,-79236.08354877002,313451.505060398
2016,Other,308400,64,-5051.50506039802,313451.505060398
2007,Other,324244.205027751,65,0,324244.205027751
2010,Other,203491.025241508,65,-120753.17978624298,324244.205027751
2013,Other,249991.322674419,65,-74252.88235333198,324244.205027751
2016,Other,321520,65,-2724.2050277509843,324244.205027751
2007,Other,327718.250081619,66,0,327718.250081619
2010,Other,221397.351199751,66,-106320.89888186802,327718.250081619
2013,Other,259838.37209302298,66,-67879.87798859604,327718.250081619
2016,Other,344680,66,16961.749918380985,327718.250081619
2007,Other,332929.317662422,67,0,332929.317662422
2010,Other,238529.947023995,67,-94399.37063842703,332929.317662422
2013,Other,273448.953488372,67,-59480.364174050046,332929.317662422
2016,Other,368600,67,35670.68233757798,332929.317662422
2007,Other,348215.115899445,68,0,348215.115899445
2010,Other,246819.912745404,68,-101395.20315404102,348215.115899445
2013,Other,287678.197674419,68,-60536.91822502605,348215.115899445
2016,Other,380400,68,32184.884100554977,348215.115899445
2007,Other,370101.599738818,69,0,370101.599738818
2010,Other,254977.23901526997,69,-115124.36072354804,370101.599738818
2013,Other,305000.755813953,69,-65100.84392486501,370101.599738818
2016,Other,423200,69,53098.40026118199,370101.599738818
2007,Other,381334.345412994,70,0,381334.345412994
2010,Other,262073.44967279502,70,-119260.89574019896,381334.345412994
2013,Other,332221.918604651,70,-49112.42680834298,381334.345412994
2016,Other,453441,70,72106.65458700602,381334.345412994
2007,Other,389834.175644793,71,0,389834.175644793
2010,Other,271027.717980679,71,-118806.45766411402,389834.175644793
2013,Other,359443.081395349,71,-30391.094249444024,389834.175644793
2016,Other,475700,71,85865.82435520698,389834.175644793
2007,Other,409010.904342148,72,0,409010.904342148
2010,Other,291033.063259582,72,-117977.84108256601,409010.904342148
2013,Other,375734.534883721,72,-33276.36945842701,409010.904342148
2016,Other,480010,72,70999.09565785201,409010.904342148
2007,Other,428592.938295788,73,0,428592.938295788
2010,Other,303965.40978498,73,-124627.52851080801,428592.938295788
2013,Other,423784.011627907,73,-4808.926667881024,428592.938295788
2016,Other,498500,73,69907.06170421198,428592.938295788
2007,Other,477125.347698335,74,0,477125.347698335
2010,Other,320689.033966968,74,-156436.313731367,477125.347698335
2013,Other,447808.75,74,-29316.597698335012,477125.347698335
2016,Other,572800,74,95674.65230166499,477125.347698335
2007,Other,505728.318641854,75,0,505728.318641854
2010,Other,347515.363041446,75,-158212.95560040796,505728.318641854
2013,Other,469616.61337209295,75,-36111.705269761034,505728.318641854
2016,Other,599700,75,93971.68135814602,505728.318641854
2007,Other,525623.016650343,76,0,525623.016650343
2010,Other,391839.04643191,76,-133783.97021843295,525623.016650343
2013,Other,505653.720930233,76,-19969.29572010995,525623.016650343
2016,Other,634200,76,108576.98334965704,525623.016650343
2007,Other,577131.524649037,77,0,577131.524649037
2010,Other,452521.595512621,77,-124609.92913641606,577131.524649037
2013,Other,527719.360465116,77,-49412.164183921064,577131.524649037
2016,Other,665200,77,88068.47535096295,577131.524649037
2007,Other,613886.9213189681,78,0,613886.9213189681
2010,Other,476065.098161421,78,-137821.82315754704,613886.9213189681
2013,Other,605670.872093023,78,-8216.049225945026,613886.9213189681
2016,Other,720800,78,106913.07868103194,613886.9213189681
2007,Other,617511.508325171,79,0,617511.508325171
2010,Other,534614.362729822,79,-82897.1455953489,617511.508325171
2013,Other,630004.941860465,79,12493.433535294025,617511.508325171
2016,Other,766100,79,148588.49167482904,617511.508325171
2007,Other,640729.709435194,80,0,640729.709435194
2010,Other,553880.243066376,80,-86849.46636881807,640729.709435194
2013,Other,644955.959302326,80,4226.249867131934,640729.709435194
2016,Other,833700,80,192970.29056480597,640729.709435194
2007,Other,656872.438785504,81,0,656872.438785504
2010,Other,603509.504518542,81,-53362.934266961995,656872.438785504
2013,Other,696511.191860465,81,39638.753074961016,656872.438785504
2016,Other,889100,81,232227.56121449603,656872.438785504
2007,Other,670374.893894874,82,0,670374.893894874
2010,Other,637443.097538174,82,-32931.79635670001,670374.893894874
2013,Other,713524.418604651,82,43149.524709776975,670374.893894874
2016,Other,954040,82,283665.106105126,670374.893894874
2007,Other,680449.624551094,83,0,680449.624551094
2010,Other,713180.224368962,83,32730.599817867973,680449.624551094
2013,Other,742601.569767442,83,62151.94521634793,680449.624551094
2016,Other,1020500,83,340050.375448906,680449.624551094
2007,Other,693766.797257591,84,0,693766.797257591
2010,Other,802689.747584917,84,108922.95032732596,693766.797257591
2013,Other,802302.5290697669,84,108535.73181217583,693766.797257591
2016,Other,1082810,84,389043.20274240896,693766.797257591
2007,Other,746919.686581783,85,0,746919.686581783
2010,Other,863969.174197569,85,117049.48761578603,746919.686581783
2013,Other,898298.372093023,85,151378.68551124004,746919.686581783
2016,Other,1144e3,85,397080.313418217,746919.686581783
2007,Other,815242.572641201,86,0,815242.572641201
2010,Other,920186.195076348,86,104943.62243514706,815242.572641201
2013,Other,961401.9767441859,86,146159.40410298493,815242.572641201
2016,Other,1267900,86,452657.42735879903,815242.572641201
2007,Other,854615.083251714,87,0,854615.083251714
2010,Other,1124672.01620443,87,270056.932952716,854615.083251714
2013,Other,967165.851744186,87,112550.76849247201,854615.083251714
2016,Other,1381e3,87,526384.916748286,854615.083251714
2007,Other,887155.305256285,88,0,887155.305256285
2010,Other,1275880.99096292,88,388725.685706635,887155.305256285
2013,Other,1035950.84302326,88,148795.537766975,887155.305256285
2016,Other,1415200,88,528044.694743715,887155.305256285
2007,Other,951309.337251061,89,0,951309.337251061
2010,Other,1277096.85260206,89,325787.51535099896,951309.337251061
2013,Other,1109571.71511628,89,158262.3778652189,951309.337251061
2016,Other,1474300,89,522990.662748939,951309.337251061
2007,Other,1198545.54358472,90,0,1198545.54358472
2010,Other,1403435.9301963197,90,204890.3866115997,1198545.54358472
2013,Other,1125760.05813953,90,-72785.48544518999,1198545.54358472
2016,Other,1643700,90,445154.45641528,1198545.54358472
2007,Other,1277290.56480575,91,0,1277290.56480575
2010,Other,1559950.48301652,91,282659.91821077,1277290.56480575
2013,Other,1173603.31395349,91,-103687.25085226004,1277290.56480575
2016,Other,1845699,91,568408.43519425,1277290.56480575
2007,Other,1341444.59680052,92,0,1341444.59680052
2010,Other,1849436.0860081003,92,507991.4892075802,1341444.59680052
2013,Other,1246811.74418605,92,-94632.85261447006,1341444.59680052
2016,Other,2065690,92,724245.4031994799,1341444.59680052
2007,Other,1357193.60104473,93,0,1357193.60104473
2010,Other,1851646.74353381,93,494453.14248907985,1357193.60104473
2013,Other,1380649.12790698,93,23455.526862249942,1357193.60104473
2016,Other,2161900,93,804706.39895527,1357193.60104473
2007,Other,1663835.97779954,94,0,1663835.97779954
2010,Other,2160254.53412278,94,496418.55632324005,1663835.97779954
2013,Other,1826498.77906977,94,162662.80127022997,1663835.97779954
2016,Other,2433e3,94,769164.0222004601,1663835.97779954
2007,Other,2264382.56611166,95,0,2264382.56611166
2010,Other,2405416.4537239,95,141033.88761223992,2264382.56611166
2013,Other,2609622.76162791,95,345240.1955162501,2264382.56611166
2016,Other,2662e3,95,397617.4338883399,2264382.56611166
2007,Other,3100469.40907607,96,0,3100469.40907607
2010,Other,2950675.13244001,96,-149794.27663605986,3100469.40907607
2013,Other,3178070.75581395,96,77601.34673788026,3100469.40907607
2016,Other,3623900,96,523430.59092393005,3100469.40907607
2007,Other,4030540.75089781,97,0,4030540.75089781
2010,Other,3873624.6494234996,97,-156916.10147431027,4030540.75089781
2013,Other,3491320.34883721,97,-539220.4020606,4030540.75089781
2016,Other,4609e3,97,578459.2491021901,4030540.75089781
2007,Other,4693944.39438459,98,0,4693944.39438459
2010,Other,4784526.08289187,98,90581.68850728031,4693944.39438459
2013,Other,3880974.7965116296,98,-812969.5978729604,4693944.39438459
2016,Other,6637500,98,1943555.60561541,4693944.39438459
2007,Other,12480275.2530199,99,0,12480275.2530199
2010,Other,7773777.1891555,99,-4706498.063864399,12480275.2530199
2013,Other,6536069.27325581,99,-5944205.979764089,12480275.2530199
2016,Other,9937e3,99,-2543275.253019899,12480275.2530199
2007,Other,374779563.5259551,100,0,374779563.5259551
2010,Other,212222017.139296,100,-162557546.3866591,374779563.5259551
2013,Other,670866588.081395,100,296087024.55543995,374779563.5259551
2016,Other,169613e3,100,-205166563.52595508,374779563.5259551
